Setting,SettingKey,Target,TargetColumn,EvalSplit,WindowId,TrainEndDate,TestStartDate,TestEndDate,TrainSize,TestSize,Baseline,ResidualModel,RMSE,MAE,MAPE,NRMSE
Univariate,univariate,WTI Oil,Com_CrudeOil,tscv,1,2023-10-23,2023-10-30,2024-01-15,552,12,PatchTST,-,8.56276552108842,7.157598972320557,9.536125510931015,0.0854942856385536
Univariate,univariate,WTI Oil,Com_CrudeOil,tscv,1,2023-10-23,2023-10-30,2024-01-15,552,12,PatchTST,NLinear,5.113586929544734,4.538234233856201,6.186365708708763,0.05105622249206483
Univariate,univariate,WTI Oil,Com_CrudeOil,tscv,1,2023-10-23,2023-10-30,2024-01-15,552,12,PatchTST,iTransformer,5.183078398164411,4.7605509757995605,6.380137056112289,0.051750054812123275
Univariate,univariate,WTI Oil,Com_CrudeOil,tscv,1,2023-10-23,2023-10-30,2024-01-15,552,12,PatchTST,XGBoost,5.456515506956902,5.029623031616211,6.752253323793411,0.05448016697340011
Univariate,univariate,WTI Oil,Com_CrudeOil,tscv,1,2023-10-23,2023-10-30,2024-01-15,552,12,PatchTST,LightGBM,5.244587424227592,4.705104351043701,6.311643868684769,0.05236418703735399
Univariate,univariate,WTI Oil,Com_CrudeOil,tscv,2,2023-11-20,2023-11-27,2024-02-12,556,12,PatchTST,-,6.701584859122761,5.073703289031982,6.940997391939163,0.06691146788567201
Univariate,univariate,WTI Oil,Com_CrudeOil,tscv,2,2023-11-20,2023-11-27,2024-02-12,556,12,PatchTST,NLinear,10.918769886193074,9.823334693908691,13.249778747558594,0.10901763328364165
Univariate,univariate,WTI Oil,Com_CrudeOil,tscv,2,2023-11-20,2023-11-27,2024-02-12,556,12,PatchTST,iTransformer,6.616790579429085,6.075708389282227,8.20036306977272,0.06606484580419698
Univariate,univariate,WTI Oil,Com_CrudeOil,tscv,2,2023-11-20,2023-11-27,2024-02-12,556,12,PatchTST,XGBoost,7.923392427015731,6.942371368408203,9.355416148900986,0.07911051326972807
Univariate,univariate,WTI Oil,Com_CrudeOil,tscv,2,2023-11-20,2023-11-27,2024-02-12,556,12,PatchTST,LightGBM,7.72017097520998,6.91462516784668,9.314245730638504,0.07708146403256597
Univariate,univariate,WTI Oil,Com_CrudeOil,tscv,3,2023-12-18,2023-12-25,2024-03-11,560,12,PatchTST,-,3.3598973067802795,2.885535478591919,3.8090240210294724,0.03354664090177812
Univariate,univariate,WTI Oil,Com_CrudeOil,tscv,3,2023-12-18,2023-12-25,2024-03-11,560,12,PatchTST,NLinear,12.854292429469025,12.583666801452637,16.634519398212433,0.12834271193576152
Univariate,univariate,WTI Oil,Com_CrudeOil,tscv,3,2023-12-18,2023-12-25,2024-03-11,560,12,PatchTST,iTransformer,9.00083368466738,8.774676322937012,11.653853207826614,0.08986814413251079
Univariate,univariate,WTI Oil,Com_CrudeOil,tscv,3,2023-12-18,2023-12-25,2024-03-11,560,12,PatchTST,XGBoost,9.597345827677314,9.178926467895508,12.136831134557724,0.09582397457254303
Univariate,univariate,WTI Oil,Com_CrudeOil,tscv,3,2023-12-18,2023-12-25,2024-03-11,560,12,PatchTST,LightGBM,10.268714381856784,9.852970123291016,13.022322952747345,0.10252720319633307
Univariate,univariate,WTI Oil,Com_CrudeOil,tscv,4,2024-01-15,2024-01-22,2024-04-08,564,12,PatchTST,-,1.859026194961945,1.3879514932632446,1.7268598079681396,0.018561306639800115
Univariate,univariate,WTI Oil,Com_CrudeOil,tscv,4,2024-01-15,2024-01-22,2024-04-08,564,12,PatchTST,NLinear,5.204950968779854,4.6187663078308105,5.9608932584524155,0.051968439841497335
Univariate,univariate,WTI Oil,Com_CrudeOil,tscv,4,2024-01-15,2024-01-22,2024-04-08,564,12,PatchTST,iTransformer,5.458433174598515,4.974079132080078,6.301536411046982,0.054499313781135074
Univariate,univariate,WTI Oil,Com_CrudeOil,tscv,4,2024-01-15,2024-01-22,2024-04-08,564,12,PatchTST,XGBoost,8.086942306227849,7.953371524810791,10.122556239366531,0.08074346468654257
Univariate,univariate,WTI Oil,Com_CrudeOil,tscv,4,2024-01-15,2024-01-22,2024-04-08,564,12,PatchTST,LightGBM,5.941498704901951,5.752150058746338,7.282781600952148,0.059322445084706237
Univariate,univariate,WTI Oil,Com_CrudeOil,tscv,5,2024-02-12,2024-02-19,2024-05-06,568,12,PatchTST,-,6.49522371137369,4.1245856285095215,5.084501579403877,0.06485107059149078
Univariate,univariate,WTI Oil,Com_CrudeOil,tscv,5,2024-02-12,2024-02-19,2024-05-06,568,12,PatchTST,NLinear,13.463866302098415,11.083956718444824,13.656502962112427,0.13442895622868617
Univariate,univariate,WTI Oil,Com_CrudeOil,tscv,5,2024-02-12,2024-02-19,2024-05-06,568,12,PatchTST,iTransformer,6.495702937075287,4.746719837188721,5.881824716925621,0.06485585538431465
Univariate,univariate,WTI Oil,Com_CrudeOil,tscv,5,2024-02-12,2024-02-19,2024-05-06,568,12,PatchTST,XGBoost,5.8699351453691415,5.519029140472412,6.855575740337372,0.05860792412942122
Univariate,univariate,WTI Oil,Com_CrudeOil,tscv,5,2024-02-12,2024-02-19,2024-05-06,568,12,PatchTST,LightGBM,5.947838385802278,5.627378940582275,6.994029134511948,0.05938574314984827
Univariate,univariate,WTI Oil,Com_CrudeOil,tscv,6,2024-03-11,2024-03-18,2024-06-03,572,12,PatchTST,-,13.638645443596399,12.301766395568848,15.450796484947205,0.1361740253666988
Univariate,univariate,WTI Oil,Com_CrudeOil,tscv,6,2024-03-11,2024-03-18,2024-06-03,572,12,PatchTST,NLinear,9.183268915724707,7.984267711639404,10.064220428466797,0.09168965491849901
Univariate,univariate,WTI Oil,Com_CrudeOil,tscv,6,2024-03-11,2024-03-18,2024-06-03,572,12,PatchTST,iTransformer,9.195889126726936,8.042452812194824,10.121574252843857,0.0918156604621036
Univariate,univariate,WTI Oil,Com_CrudeOil,tscv,6,2024-03-11,2024-03-18,2024-06-03,572,12,PatchTST,XGBoost,7.320564974051295,6.437507629394531,8.11551883816719,0.07309162809442174
Univariate,univariate,WTI Oil,Com_CrudeOil,tscv,6,2024-03-11,2024-03-18,2024-06-03,572,12,PatchTST,LightGBM,7.835825287004988,6.772422790527344,8.561023324728012,0.07823620577383882
Univariate,univariate,WTI Oil,Com_CrudeOil,tscv,7,2024-04-08,2024-04-15,2024-07-01,576,12,PatchTST,-,16.111550569935165,15.8984956741333,20.00148296356201,0.16086455983334577
Univariate,univariate,WTI Oil,Com_CrudeOil,tscv,7,2024-04-08,2024-04-15,2024-07-01,576,12,PatchTST,NLinear,10.667091202234884,9.97829532623291,12.571561336517334,0.10650476647180798
Univariate,univariate,WTI Oil,Com_CrudeOil,tscv,7,2024-04-08,2024-04-15,2024-07-01,576,12,PatchTST,iTransformer,13.024056697375258,12.761065483093262,16.07188582420349,0.1300377104471479
Univariate,univariate,WTI Oil,Com_CrudeOil,tscv,7,2024-04-08,2024-04-15,2024-07-01,576,12,PatchTST,XGBoost,7.16774975184869,6.795362949371338,8.561071753501892,0.07156585604977887
Univariate,univariate,WTI Oil,Com_CrudeOil,tscv,7,2024-04-08,2024-04-15,2024-07-01,576,12,PatchTST,LightGBM,9.75575438663478,9.099054336547852,11.441389471292496,0.09740559286557553
Univariate,univariate,WTI Oil,Com_CrudeOil,tscv,8,2024-05-06,2024-05-13,2024-07-29,580,12,PatchTST,-,16.184374886862813,16.01676368713379,20.329147577285767,0.16159166872562025
Univariate,univariate,WTI Oil,Com_CrudeOil,tscv,8,2024-05-06,2024-05-13,2024-07-29,580,12,PatchTST,NLinear,5.080876470633671,4.466329574584961,5.69160096347332,0.05072962738553958
Univariate,univariate,WTI Oil,Com_CrudeOil,tscv,8,2024-05-06,2024-05-13,2024-07-29,580,12,PatchTST,iTransformer,11.666076281913714,11.433375358581543,14.530938863754272,0.11647905755105956
Univariate,univariate,WTI Oil,Com_CrudeOil,tscv,8,2024-05-06,2024-05-13,2024-07-29,580,12,PatchTST,XGBoost,4.839010762722394,4.127571105957031,5.293622612953186,0.04831473749191684
Univariate,univariate,WTI Oil,Com_CrudeOil,tscv,8,2024-05-06,2024-05-13,2024-07-29,580,12,PatchTST,LightGBM,5.475977541256778,5.160104751586914,6.582602858543396,0.05467448418498825
Univariate,univariate,WTI Oil,Com_CrudeOil,tscv,9,2024-06-03,2024-06-10,2024-08-26,584,12,PatchTST,-,9.05319177815594,8.804402351379395,11.335141211748123,0.09039090956257853
Univariate,univariate,WTI Oil,Com_CrudeOil,tscv,9,2024-06-03,2024-06-10,2024-08-26,584,12,PatchTST,NLinear,8.084246030058196,7.11669397354126,9.253787994384766,0.08071654392076416
Univariate,univariate,WTI Oil,Com_CrudeOil,tscv,9,2024-06-03,2024-06-10,2024-08-26,584,12,PatchTST,iTransformer,4.106549470104437,3.5405914783477783,4.609952494502068,0.041001533035244536
Univariate,univariate,WTI Oil,Com_CrudeOil,tscv,9,2024-06-03,2024-06-10,2024-08-26,584,12,PatchTST,XGBoost,3.1044384284823225,2.417717695236206,3.1662892550230026,0.030996031025059934
Univariate,univariate,WTI Oil,Com_CrudeOil,tscv,9,2024-06-03,2024-06-10,2024-08-26,584,12,PatchTST,LightGBM,2.8147937322360588,2.3310706615448,2.9232779517769814,0.028104095430936307
Univariate,univariate,WTI Oil,Com_CrudeOil,tscv,10,2024-07-01,2024-07-08,2024-09-23,588,12,PatchTST,-,9.762161495186682,9.448603630065918,12.832735478878021,0.0974695641570122
Univariate,univariate,WTI Oil,Com_CrudeOil,tscv,10,2024-07-01,2024-07-08,2024-09-23,588,12,PatchTST,NLinear,10.349252764131279,9.59402847290039,13.123251497745514,0.10333133259145488
Univariate,univariate,WTI Oil,Com_CrudeOil,tscv,10,2024-07-01,2024-07-08,2024-09-23,588,12,PatchTST,iTransformer,4.128633690448009,3.4201934337615967,4.715144634246826,0.041222031265344156
Univariate,univariate,WTI Oil,Com_CrudeOil,tscv,10,2024-07-01,2024-07-08,2024-09-23,588,12,PatchTST,XGBoost,3.5861961254861203,3.0098373889923096,4.052960500121117,0.035806104365825556
Univariate,univariate,WTI Oil,Com_CrudeOil,tscv,10,2024-07-01,2024-07-08,2024-09-23,588,12,PatchTST,LightGBM,2.779679358536375,2.18913197517395,2.990352548658848,0.02775349861876083
Univariate,univariate,WTI Oil,Com_CrudeOil,tscv,11,2024-07-29,2024-08-05,2024-10-21,592,12,PatchTST,-,7.225091435998919,6.086626052856445,8.42631682753563,0.0721383797644201
Univariate,univariate,WTI Oil,Com_CrudeOil,tscv,11,2024-07-29,2024-08-05,2024-10-21,592,12,PatchTST,NLinear,4.093330886003423,3.320111036300659,4.584820568561554,0.04086955308062753
Univariate,univariate,WTI Oil,Com_CrudeOil,tscv,11,2024-07-29,2024-08-05,2024-10-21,592,12,PatchTST,iTransformer,5.209593821267909,4.232295513153076,5.931837484240532,0.05201479605151078
Univariate,univariate,WTI Oil,Com_CrudeOil,tscv,11,2024-07-29,2024-08-05,2024-10-21,592,12,PatchTST,XGBoost,6.193279919074049,5.3733086585998535,7.4713923037052155,0.06183633560171703
Univariate,univariate,WTI Oil,Com_CrudeOil,tscv,11,2024-07-29,2024-08-05,2024-10-21,592,12,PatchTST,LightGBM,6.098038479972281,4.9681620597839355,6.87355175614357,0.06088540464615836
Univariate,univariate,WTI Oil,Com_CrudeOil,tscv,12,2024-08-26,2024-09-02,2024-11-18,596,12,PatchTST,-,6.913587719839252,5.685652256011963,8.159700781106949,0.0690281944368835
Univariate,univariate,WTI Oil,Com_CrudeOil,tscv,12,2024-08-26,2024-09-02,2024-11-18,596,12,PatchTST,NLinear,4.854140624056963,3.9440135955810547,5.62705360352993,0.04846580044972219
Univariate,univariate,WTI Oil,Com_CrudeOil,tscv,12,2024-08-26,2024-09-02,2024-11-18,596,12,PatchTST,iTransformer,4.32881351874882,3.703310012817383,5.2961792796850204,0.04322071164234119
Univariate,univariate,WTI Oil,Com_CrudeOil,tscv,12,2024-08-26,2024-09-02,2024-11-18,596,12,PatchTST,XGBoost,5.304892444724743,4.474061965942383,6.322256475687027,0.05296629795994374
Univariate,univariate,WTI Oil,Com_CrudeOil,tscv,12,2024-08-26,2024-09-02,2024-11-18,596,12,PatchTST,LightGBM,4.4625608894190405,3.2509708404541016,4.606848582625389,0.04455610216346711
Univariate,univariate,WTI Oil,Com_CrudeOil,tscv,13,2024-09-23,2024-09-30,2024-12-16,600,12,PatchTST,-,4.563684806096869,4.023356914520264,5.774405598640442,0.045565766272107164
Univariate,univariate,WTI Oil,Com_CrudeOil,tscv,13,2024-09-23,2024-09-30,2024-12-16,600,12,PatchTST,NLinear,3.9313998728992607,3.4165842533111572,4.86554391682148,0.0392527651102023
Univariate,univariate,WTI Oil,Com_CrudeOil,tscv,13,2024-09-23,2024-09-30,2024-12-16,600,12,PatchTST,iTransformer,4.483401734540554,3.9502639770507812,5.668134614825249,0.044764186007568575
Univariate,univariate,WTI Oil,Com_CrudeOil,tscv,13,2024-09-23,2024-09-30,2024-12-16,600,12,PatchTST,XGBoost,3.1063062390277234,2.7445762157440186,3.88001948595047,0.03101468003838325
Univariate,univariate,WTI Oil,Com_CrudeOil,tscv,13,2024-09-23,2024-09-30,2024-12-16,600,12,PatchTST,LightGBM,3.0296618833831133,2.6343860626220703,3.7232819944620132,0.0302494302580494
Univariate,univariate,WTI Oil,Com_CrudeOil,tscv,14,2024-10-21,2024-10-28,2025-01-13,604,12,PatchTST,-,3.0057039078134946,2.199378252029419,3.1409814953804016,0.030010223660411523
Univariate,univariate,WTI Oil,Com_CrudeOil,tscv,14,2024-10-21,2024-10-28,2025-01-13,604,12,PatchTST,NLinear,7.6052510642318705,6.442094326019287,8.939376473426819,0.07593405486078349
Univariate,univariate,WTI Oil,Com_CrudeOil,tscv,14,2024-10-21,2024-10-28,2025-01-13,604,12,PatchTST,iTransformer,2.8285210263659413,1.9269376993179321,2.72060576826334,0.028241154562415997
Univariate,univariate,WTI Oil,Com_CrudeOil,tscv,14,2024-10-21,2024-10-28,2025-01-13,604,12,PatchTST,XGBoost,7.511538721110358,6.60186243057251,9.165757894515991,0.074998391048554
Univariate,univariate,WTI Oil,Com_CrudeOil,tscv,14,2024-10-21,2024-10-28,2025-01-13,604,12,PatchTST,LightGBM,5.185363145579882,4.061343669891357,5.611094832420349,0.05177286670013646
Univariate,univariate,WTI Oil,Com_CrudeOil,tscv,15,2024-11-18,2024-11-25,2025-02-10,608,12,PatchTST,-,5.9211995486944184,4.321940898895264,5.947466567158699,0.05911976969265511
Univariate,univariate,WTI Oil,Com_CrudeOil,tscv,15,2024-11-18,2024-11-25,2025-02-10,608,12,PatchTST,NLinear,4.26925873301145,3.228504180908203,4.415935277938843,0.042626091382048654
Univariate,univariate,WTI Oil,Com_CrudeOil,tscv,15,2024-11-18,2024-11-25,2025-02-10,608,12,PatchTST,iTransformer,3.976998116066659,3.3645660877227783,4.661527648568153,0.03970803732527917
Univariate,univariate,WTI Oil,Com_CrudeOil,tscv,15,2024-11-18,2024-11-25,2025-02-10,608,12,PatchTST,XGBoost,5.128518548215425,4.259837627410889,5.851449444890022,0.05120530611096506
Univariate,univariate,WTI Oil,Com_CrudeOil,tscv,15,2024-11-18,2024-11-25,2025-02-10,608,12,PatchTST,LightGBM,5.3206738588735165,4.027424335479736,5.519850552082062,0.053123866297613696
Univariate,univariate,WTI Oil,Com_CrudeOil,tscv,16,2024-12-16,2024-12-23,2025-03-10,612,12,PatchTST,-,7.4427412782922735,6.323759078979492,9.000290185213089,0.07431148817669495
Univariate,univariate,WTI Oil,Com_CrudeOil,tscv,16,2024-12-16,2024-12-23,2025-03-10,612,12,PatchTST,NLinear,4.664117911822743,4.103044509887695,5.808154866099358,0.04656853303097124
Univariate,univariate,WTI Oil,Com_CrudeOil,tscv,16,2024-12-16,2024-12-23,2025-03-10,612,12,PatchTST,iTransformer,1.8451799569588387,1.2769330739974976,1.7273617908358574,0.01842305992220151
Univariate,univariate,WTI Oil,Com_CrudeOil,tscv,16,2024-12-16,2024-12-23,2025-03-10,612,12,PatchTST,XGBoost,5.396102466523744,4.444576263427734,6.080833077430725,0.053876977533917556
Univariate,univariate,WTI Oil,Com_CrudeOil,tscv,16,2024-12-16,2024-12-23,2025-03-10,612,12,PatchTST,LightGBM,4.4147045647520935,3.9605114459991455,5.543043836951256,0.044078284304200625
Univariate,univariate,WTI Oil,Com_CrudeOil,tscv,17,2025-01-13,2025-01-20,2025-04-07,616,12,PatchTST,-,9.8252799035501,9.264935493469238,13.410650193691254,0.0980997651382703
Univariate,univariate,WTI Oil,Com_CrudeOil,tscv,17,2025-01-13,2025-01-20,2025-04-07,616,12,PatchTST,NLinear,11.075868621587034,10.113454818725586,14.52806144952774,0.11058617374222934
Univariate,univariate,WTI Oil,Com_CrudeOil,tscv,17,2025-01-13,2025-01-20,2025-04-07,616,12,PatchTST,iTransformer,3.7865573427600125,3.4364442825317383,4.943181574344635,0.03780659580732483
Univariate,univariate,WTI Oil,Com_CrudeOil,tscv,17,2025-01-13,2025-01-20,2025-04-07,616,12,PatchTST,XGBoost,4.060962327306633,3.6051464080810547,5.202388763427734,0.04054637165096952
Univariate,univariate,WTI Oil,Com_CrudeOil,tscv,17,2025-01-13,2025-01-20,2025-04-07,616,12,PatchTST,LightGBM,7.374805253900538,6.627817153930664,9.60029736161232,0.07363318607205475
Univariate,univariate,WTI Oil,Com_CrudeOil,tscv,18,2025-02-10,2025-02-17,2025-05-05,620,12,PatchTST,-,5.173218889609212,4.691457271575928,7.276055961847305,0.051651613293597756
Univariate,univariate,WTI Oil,Com_CrudeOil,tscv,18,2025-02-10,2025-02-17,2025-05-05,620,12,PatchTST,NLinear,6.103581874640452,4.958746910095215,7.82974511384964,0.06094075225155531
Univariate,univariate,WTI Oil,Com_CrudeOil,tscv,18,2025-02-10,2025-02-17,2025-05-05,620,12,PatchTST,iTransformer,2.183001552250966,1.7194156646728516,2.6306403800845146,0.02179601412626639
Univariate,univariate,WTI Oil,Com_CrudeOil,tscv,18,2025-02-10,2025-02-17,2025-05-05,620,12,PatchTST,XGBoost,3.9179496422374913,3.3672749996185303,5.245307460427284,0.039118472297994644
Univariate,univariate,WTI Oil,Com_CrudeOil,tscv,18,2025-02-10,2025-02-17,2025-05-05,620,12,PatchTST,LightGBM,2.3527681928747413,1.8956435918807983,2.90274228900671,0.023491036327871865
Univariate,univariate,WTI Oil,Com_CrudeOil,tscv,19,2025-03-10,2025-03-17,2025-06-02,624,12,PatchTST,-,5.8626442702380865,5.189899921417236,8.155360072851181,0.05853512893732186
Univariate,univariate,WTI Oil,Com_CrudeOil,tscv,19,2025-03-10,2025-03-17,2025-06-02,624,12,PatchTST,NLinear,6.598594874303585,5.579082489013672,8.93719419836998,0.06588317216061032
Univariate,univariate,WTI Oil,Com_CrudeOil,tscv,19,2025-03-10,2025-03-17,2025-06-02,624,12,PatchTST,iTransformer,3.20854331646357,2.7525131702423096,4.405216500163078,0.03203545841653977
Univariate,univariate,WTI Oil,Com_CrudeOil,tscv,19,2025-03-10,2025-03-17,2025-06-02,624,12,PatchTST,XGBoost,6.027432355149117,5.134815216064453,8.246777206659317,0.06018044312542111
Univariate,univariate,WTI Oil,Com_CrudeOil,tscv,19,2025-03-10,2025-03-17,2025-06-02,624,12,PatchTST,LightGBM,5.180481356491976,4.474865913391113,7.1892149746418,0.0517241248456876
Univariate,univariate,WTI Oil,Com_CrudeOil,tscv,20,2025-04-07,2025-04-14,2025-06-30,628,12,PatchTST,-,6.6086699558387,5.373088359832764,8.182895928621292,0.06598376605127255
Univariate,univariate,WTI Oil,Com_CrudeOil,tscv,20,2025-04-07,2025-04-14,2025-06-30,628,12,PatchTST,NLinear,17.230261968125568,16.058792114257812,24.773259460926056,0.17203424929739156
Univariate,univariate,WTI Oil,Com_CrudeOil,tscv,20,2025-04-07,2025-04-14,2025-06-30,628,12,PatchTST,iTransformer,8.863154283053795,7.842384338378906,12.228014320135117,0.08849349454539927
Univariate,univariate,WTI Oil,Com_CrudeOil,tscv,20,2025-04-07,2025-04-14,2025-06-30,628,12,PatchTST,XGBoost,14.459721889749687,13.362701416015625,20.61183601617813,0.1443720011311449
Univariate,univariate,WTI Oil,Com_CrudeOil,tscv,20,2025-04-07,2025-04-14,2025-06-30,628,12,PatchTST,LightGBM,13.690610488643587,12.629181861877441,19.51015144586563,0.13669286643428882
Univariate,univariate,WTI Oil,Com_CrudeOil,tscv,21,2025-05-05,2025-05-12,2025-07-28,632,12,PatchTST,-,9.012587328102828,7.491674423217773,11.269045621156693,0.08998549749769276
Univariate,univariate,WTI Oil,Com_CrudeOil,tscv,21,2025-05-05,2025-05-12,2025-07-28,632,12,PatchTST,NLinear,9.628409042056344,7.473874568939209,11.335068941116333,0.0961341228904471
Univariate,univariate,WTI Oil,Com_CrudeOil,tscv,21,2025-05-05,2025-05-12,2025-07-28,632,12,PatchTST,iTransformer,8.444350336900092,6.696186542510986,10.093443840742111,0.0843119781753858
Univariate,univariate,WTI Oil,Com_CrudeOil,tscv,21,2025-05-05,2025-05-12,2025-07-28,632,12,PatchTST,XGBoost,14.486593955065674,13.61392593383789,20.54833322763443,0.14464030323776744
Univariate,univariate,WTI Oil,Com_CrudeOil,tscv,21,2025-05-05,2025-05-12,2025-07-28,632,12,PatchTST,LightGBM,12.320437588537466,11.252976417541504,16.98501855134964,0.12301247859610963
Univariate,univariate,WTI Oil,Com_CrudeOil,tscv,22,2025-06-02,2025-06-09,2025-08-25,636,12,PatchTST,-,7.914993939279921,5.884616851806641,8.593372255563736,0.07902665920322947
Univariate,univariate,WTI Oil,Com_CrudeOil,tscv,22,2025-06-02,2025-06-09,2025-08-25,636,12,PatchTST,NLinear,7.031063365578585,5.680245876312256,8.320385962724686,0.07020112114936639
Univariate,univariate,WTI Oil,Com_CrudeOil,tscv,22,2025-06-02,2025-06-09,2025-08-25,636,12,PatchTST,iTransformer,9.758862893199275,7.663638591766357,11.202776432037354,0.09743662951459735
Univariate,univariate,WTI Oil,Com_CrudeOil,tscv,22,2025-06-02,2025-06-09,2025-08-25,636,12,PatchTST,XGBoost,12.66332147161081,12.240155220031738,18.30887943506241,0.12643597683019447
Univariate,univariate,WTI Oil,Com_CrudeOil,tscv,22,2025-06-02,2025-06-09,2025-08-25,636,12,PatchTST,LightGBM,9.860997182937156,7.8796067237854,11.534781008958817,0.09845638161674662
Univariate,univariate,WTI Oil,Com_CrudeOil,tscv,23,2025-06-30,2025-07-07,2025-09-22,640,12,PatchTST,-,5.5354229547160765,5.16405725479126,8.02338793873787,0.05526801242603077
Univariate,univariate,WTI Oil,Com_CrudeOil,tscv,23,2025-06-30,2025-07-07,2025-09-22,640,12,PatchTST,NLinear,22.625043837362572,19.65814971923828,30.728858709335327,0.22589804142743836
Univariate,univariate,WTI Oil,Com_CrudeOil,tscv,23,2025-06-30,2025-07-07,2025-09-22,640,12,PatchTST,iTransformer,4.599153415895619,4.134734630584717,6.436222046613693,0.04591989992785992
Univariate,univariate,WTI Oil,Com_CrudeOil,tscv,23,2025-06-30,2025-07-07,2025-09-22,640,12,PatchTST,XGBoost,3.215154176281178,2.740886688232422,4.279718920588493,0.032101464047100486
Univariate,univariate,WTI Oil,Com_CrudeOil,tscv,23,2025-06-30,2025-07-07,2025-09-22,640,12,PatchTST,LightGBM,2.8978127682834955,2.5680694580078125,3.956630825996399,0.028932992726301548
Univariate,univariate,WTI Oil,Com_CrudeOil,tscv,24,2025-07-28,2025-08-04,2025-10-20,644,12,PatchTST,-,3.19054999940544,2.7944135665893555,4.50284443795681,0.03185580550132631
Univariate,univariate,WTI Oil,Com_CrudeOil,tscv,24,2025-07-28,2025-08-04,2025-10-20,644,12,PatchTST,NLinear,12.16333303548935,11.946061134338379,19.170521199703217,0.12144388005159341
Univariate,univariate,WTI Oil,Com_CrudeOil,tscv,24,2025-07-28,2025-08-04,2025-10-20,644,12,PatchTST,iTransformer,2.9012330755145257,2.498080015182495,4.032466188073158,0.02896714252552951
Univariate,univariate,WTI Oil,Com_CrudeOil,tscv,24,2025-07-28,2025-08-04,2025-10-20,644,12,PatchTST,XGBoost,6.8142560742862655,5.7178635597229,9.227785468101501,0.06803642512392734
Univariate,univariate,WTI Oil,Com_CrudeOil,tscv,24,2025-07-28,2025-08-04,2025-10-20,644,12,PatchTST,LightGBM,5.378962808060949,4.385326385498047,7.099800556898117,0.05370584790847627
Univariate,univariate,WTI Oil,Com_CrudeOil,holdout,1,2025-10-20,2025-10-27,2026-01-12,656,12,PatchTST,-,10.248202654797991,9.97008228302002,17.00577288866043,0.10232240540667206
Univariate,univariate,WTI Oil,Com_CrudeOil,holdout,1,2025-10-20,2025-10-27,2026-01-12,656,12,PatchTST,NLinear,7.8052845097457,7.073974609375,12.097140401601791,0.07793127368989952
Univariate,univariate,WTI Oil,Com_CrudeOil,holdout,1,2025-10-20,2025-10-27,2026-01-12,656,12,PatchTST,iTransformer,9.094453450160097,8.804180145263672,15.018987655639648,0.09080288361039753
Univariate,univariate,WTI Oil,Com_CrudeOil,holdout,1,2025-10-20,2025-10-27,2026-01-12,656,12,PatchTST,XGBoost,11.182617144859073,10.278462409973145,17.571450769901276,0.11165199631060832
Univariate,univariate,WTI Oil,Com_CrudeOil,holdout,1,2025-10-20,2025-10-27,2026-01-12,656,12,PatchTST,LightGBM,10.712704212997565,10.4469575881958,17.817528545856476,0.10696018613282463
Univariate,univariate,Brent Oil,Com_BrentCrudeOil,tscv,1,2023-10-23,2023-10-30,2024-01-15,552,12,PatchTST,-,5.551028477681787,4.929638385772705,6.213177740573883,0.05695932938633675
Univariate,univariate,Brent Oil,Com_BrentCrudeOil,tscv,1,2023-10-23,2023-10-30,2024-01-15,552,12,PatchTST,NLinear,2.5749655119428905,2.02886700630188,2.5551199913024902,0.026421826035103273
Univariate,univariate,Brent Oil,Com_BrentCrudeOil,tscv,1,2023-10-23,2023-10-30,2024-01-15,552,12,PatchTST,iTransformer,3.282927601978384,2.649012804031372,3.3343713730573654,0.03368625388689688
Univariate,univariate,Brent Oil,Com_BrentCrudeOil,tscv,1,2023-10-23,2023-10-30,2024-01-15,552,12,PatchTST,XGBoost,3.5938138209771235,3.060328245162964,3.898249939084053,0.03687627004711251
Univariate,univariate,Brent Oil,Com_BrentCrudeOil,tscv,1,2023-10-23,2023-10-30,2024-01-15,552,12,PatchTST,LightGBM,3.3688525975161787,2.6639602184295654,3.3921323716640472,0.03456793376712706
Univariate,univariate,Brent Oil,Com_BrentCrudeOil,tscv,2,2023-11-20,2023-11-27,2024-02-12,556,12,PatchTST,-,3.5328995894268163,3.180669069290161,4.0448348969221115,0.03625122663522237
Univariate,univariate,Brent Oil,Com_BrentCrudeOil,tscv,2,2023-11-20,2023-11-27,2024-02-12,556,12,PatchTST,NLinear,4.970090481339368,4.712662220001221,5.972842499613762,0.05099830093552879
Univariate,univariate,Brent Oil,Com_BrentCrudeOil,tscv,2,2023-11-20,2023-11-27,2024-02-12,556,12,PatchTST,iTransformer,3.926250554971009,3.71087384223938,4.708178713917732,0.04028741691976979
Univariate,univariate,Brent Oil,Com_BrentCrudeOil,tscv,2,2023-11-20,2023-11-27,2024-02-12,556,12,PatchTST,XGBoost,4.398561953584545,4.073919296264648,5.184582248330116,0.04513382342528726
Univariate,univariate,Brent Oil,Com_BrentCrudeOil,tscv,2,2023-11-20,2023-11-27,2024-02-12,556,12,PatchTST,LightGBM,4.816291999544664,4.510481357574463,5.7169076055288315,0.04942016844730896
Univariate,univariate,Brent Oil,Com_BrentCrudeOil,tscv,3,2023-12-18,2023-12-25,2024-03-11,560,12,PatchTST,-,1.94087350086639,1.541552186012268,1.9243290647864342,0.019915382073346765
Univariate,univariate,Brent Oil,Com_BrentCrudeOil,tscv,3,2023-12-18,2023-12-25,2024-03-11,560,12,PatchTST,NLinear,7.018905450419163,6.411131381988525,7.95564278960228,0.07202127481229209
Univariate,univariate,Brent Oil,Com_BrentCrudeOil,tscv,3,2023-12-18,2023-12-25,2024-03-11,560,12,PatchTST,iTransformer,5.5155198732899375,5.378787517547607,6.715617328882217,0.05659497414987269
Univariate,univariate,Brent Oil,Com_BrentCrudeOil,tscv,3,2023-12-18,2023-12-25,2024-03-11,560,12,PatchTST,XGBoost,7.011241333415959,6.923001766204834,8.642679452896118,0.07194263299544751
Univariate,univariate,Brent Oil,Com_BrentCrudeOil,tscv,3,2023-12-18,2023-12-25,2024-03-11,560,12,PatchTST,LightGBM,6.159647512383046,6.032321929931641,7.532805949449539,0.06320439409960961
Univariate,univariate,Brent Oil,Com_BrentCrudeOil,tscv,4,2024-01-15,2024-01-22,2024-04-08,564,12,PatchTST,-,1.7882398021422687,1.4790725708007812,1.750875823199749,0.018349201471673317
Univariate,univariate,Brent Oil,Com_BrentCrudeOil,tscv,4,2024-01-15,2024-01-22,2024-04-08,564,12,PatchTST,NLinear,4.266345958776177,4.009757995605469,4.859885200858116,0.0437771497154134
Univariate,univariate,Brent Oil,Com_BrentCrudeOil,tscv,4,2024-01-15,2024-01-22,2024-04-08,564,12,PatchTST,iTransformer,4.411642035480525,4.06098747253418,4.940523207187653,0.045268038678570294
Univariate,univariate,Brent Oil,Com_BrentCrudeOil,tscv,4,2024-01-15,2024-01-22,2024-04-08,564,12,PatchTST,XGBoost,5.250522587516085,5.013847351074219,6.062039360404015,0.05387582620322377
Univariate,univariate,Brent Oil,Com_BrentCrudeOil,tscv,4,2024-01-15,2024-01-22,2024-04-08,564,12,PatchTST,LightGBM,5.248309635332153,5.055900573730469,6.119359657168388,0.053853119010697635
Univariate,univariate,Brent Oil,Com_BrentCrudeOil,tscv,5,2024-02-12,2024-02-19,2024-05-06,568,12,PatchTST,-,7.652987536328618,5.815247058868408,6.798156350851059,0.07852761693150515
Univariate,univariate,Brent Oil,Com_BrentCrudeOil,tscv,5,2024-02-12,2024-02-19,2024-05-06,568,12,PatchTST,NLinear,9.40829982791022,8.124551773071289,9.502559900283813,0.09653894787568292
Univariate,univariate,Brent Oil,Com_BrentCrudeOil,tscv,5,2024-02-12,2024-02-19,2024-05-06,568,12,PatchTST,iTransformer,7.116515076546722,5.036880970001221,5.88335208594799,0.07302285116309451
Univariate,univariate,Brent Oil,Com_BrentCrudeOil,tscv,5,2024-02-12,2024-02-19,2024-05-06,568,12,PatchTST,XGBoost,6.801349999552019,4.200748920440674,4.922091588377953,0.06978892946664009
Univariate,univariate,Brent Oil,Com_BrentCrudeOil,tscv,5,2024-02-12,2024-02-19,2024-05-06,568,12,PatchTST,LightGBM,5.445064325574451,3.9153575897216797,4.608252644538879,0.055872026904050395
Univariate,univariate,Brent Oil,Com_BrentCrudeOil,tscv,6,2024-03-11,2024-03-18,2024-06-03,572,12,PatchTST,-,11.682374534137287,10.763286590576172,12.783636152744293,0.11987332109353002
Univariate,univariate,Brent Oil,Com_BrentCrudeOil,tscv,6,2024-03-11,2024-03-18,2024-06-03,572,12,PatchTST,NLinear,8.279628839697136,6.820510387420654,8.183814585208893,0.0849576088778907
Univariate,univariate,Brent Oil,Com_BrentCrudeOil,tscv,6,2024-03-11,2024-03-18,2024-06-03,572,12,PatchTST,iTransformer,6.925508875689631,5.907517910003662,7.061957567930222,0.07106292875354575
Univariate,univariate,Brent Oil,Com_BrentCrudeOil,tscv,6,2024-03-11,2024-03-18,2024-06-03,572,12,PatchTST,XGBoost,5.194890284770294,4.895650386810303,5.806094780564308,0.05330498087800914
Univariate,univariate,Brent Oil,Com_BrentCrudeOil,tscv,6,2024-03-11,2024-03-18,2024-06-03,572,12,PatchTST,LightGBM,4.728983916169998,4.453366756439209,5.279934778809547,0.04852429664643069
Univariate,univariate,Brent Oil,Com_BrentCrudeOil,tscv,7,2024-04-08,2024-04-15,2024-07-01,576,12,PatchTST,-,10.472285798068432,10.045196533203125,12.00966015458107,0.10745655126762084
Univariate,univariate,Brent Oil,Com_BrentCrudeOil,tscv,7,2024-04-08,2024-04-15,2024-07-01,576,12,PatchTST,NLinear,9.18269938953755,8.918078422546387,10.67357137799263,0.09422405258544343
Univariate,univariate,Brent Oil,Com_BrentCrudeOil,tscv,7,2024-04-08,2024-04-15,2024-07-01,576,12,PatchTST,iTransformer,8.232657034378581,7.680665493011475,9.197646379470825,0.08447562926964922
Univariate,univariate,Brent Oil,Com_BrentCrudeOil,tscv,7,2024-04-08,2024-04-15,2024-07-01,576,12,PatchTST,XGBoost,8.26268832963081,7.592998027801514,9.104683250188828,0.08478378161385848
Univariate,univariate,Brent Oil,Com_BrentCrudeOil,tscv,7,2024-04-08,2024-04-15,2024-07-01,576,12,PatchTST,LightGBM,8.600516689658916,7.999471187591553,9.58559513092041,0.08825025218093488
Univariate,univariate,Brent Oil,Com_BrentCrudeOil,tscv,8,2024-05-06,2024-05-13,2024-07-29,580,12,PatchTST,-,14.781698014484205,14.537663459777832,17.599982023239136,0.15167560560741025
Univariate,univariate,Brent Oil,Com_BrentCrudeOil,tscv,8,2024-05-06,2024-05-13,2024-07-29,580,12,PatchTST,NLinear,11.403450400219814,11.024510383605957,13.349638879299164,0.11701126919062953
Univariate,univariate,Brent Oil,Com_BrentCrudeOil,tscv,8,2024-05-06,2024-05-13,2024-07-29,580,12,PatchTST,iTransformer,13.970761421004125,13.710902214050293,16.602730751037598,0.14335455218007212
Univariate,univariate,Brent Oil,Com_BrentCrudeOil,tscv,8,2024-05-06,2024-05-13,2024-07-29,580,12,PatchTST,XGBoost,12.678997328913733,12.371830940246582,14.993046224117279,0.13009970819816077
Univariate,univariate,Brent Oil,Com_BrentCrudeOil,tscv,8,2024-05-06,2024-05-13,2024-07-29,580,12,PatchTST,LightGBM,12.42865258301546,12.12761402130127,14.697648584842682,0.12753091056019342
Univariate,univariate,Brent Oil,Com_BrentCrudeOil,tscv,9,2024-06-03,2024-06-10,2024-08-26,584,12,PatchTST,-,7.90263748565859,7.256285190582275,8.874688297510147,0.08108928523357566
Univariate,univariate,Brent Oil,Com_BrentCrudeOil,tscv,9,2024-06-03,2024-06-10,2024-08-26,584,12,PatchTST,NLinear,10.509817347658919,9.547749519348145,11.758782714605331,0.10784166402719308
Univariate,univariate,Brent Oil,Com_BrentCrudeOil,tscv,9,2024-06-03,2024-06-10,2024-08-26,584,12,PatchTST,iTransformer,4.75973476921164,3.887860059738159,4.772230610251427,0.04883983240243553
Univariate,univariate,Brent Oil,Com_BrentCrudeOil,tscv,9,2024-06-03,2024-06-10,2024-08-26,584,12,PatchTST,XGBoost,6.722625891945546,6.050100803375244,7.409540563821793,0.06898113819087363
Univariate,univariate,Brent Oil,Com_BrentCrudeOil,tscv,9,2024-06-03,2024-06-10,2024-08-26,584,12,PatchTST,LightGBM,6.377347327019547,5.611259460449219,6.859150528907776,0.0654382207677811
Univariate,univariate,Brent Oil,Com_BrentCrudeOil,tscv,10,2024-07-01,2024-07-08,2024-09-23,588,12,PatchTST,-,7.459244173434465,6.603543758392334,8.356839418411255,0.07653960839076833
Univariate,univariate,Brent Oil,Com_BrentCrudeOil,tscv,10,2024-07-01,2024-07-08,2024-09-23,588,12,PatchTST,NLinear,4.052346319900501,3.479212999343872,4.412614181637764,0.04158129070148753
Univariate,univariate,Brent Oil,Com_BrentCrudeOil,tscv,10,2024-07-01,2024-07-08,2024-09-23,588,12,PatchTST,iTransformer,4.5667038454273365,3.8423213958740234,4.929136112332344,0.04685913422843325
Univariate,univariate,Brent Oil,Com_BrentCrudeOil,tscv,10,2024-07-01,2024-07-08,2024-09-23,588,12,PatchTST,XGBoost,4.908714890127414,4.609457492828369,5.927588045597076,0.05036852349335238
Univariate,univariate,Brent Oil,Com_BrentCrudeOil,tscv,10,2024-07-01,2024-07-08,2024-09-23,588,12,PatchTST,LightGBM,3.581588068745099,3.0428059101104736,3.9109736680984497,0.03675082110532101
Univariate,univariate,Brent Oil,Com_BrentCrudeOil,tscv,11,2024-07-29,2024-08-05,2024-10-21,592,12,PatchTST,-,4.418942183182594,3.7806732654571533,4.988391324877739,0.045342945791585994
Univariate,univariate,Brent Oil,Com_BrentCrudeOil,tscv,11,2024-07-29,2024-08-05,2024-10-21,592,12,PatchTST,NLinear,13.69485791458901,11.852248191833496,15.667133033275604,0.14052349505904888
Univariate,univariate,Brent Oil,Com_BrentCrudeOil,tscv,11,2024-07-29,2024-08-05,2024-10-21,592,12,PatchTST,iTransformer,5.408677278386408,4.059454441070557,5.341169610619545,0.055498657930262416
Univariate,univariate,Brent Oil,Com_BrentCrudeOil,tscv,11,2024-07-29,2024-08-05,2024-10-21,592,12,PatchTST,XGBoost,3.654648258802596,2.9505436420440674,3.902812674641609,0.037500494692340916
Univariate,univariate,Brent Oil,Com_BrentCrudeOil,tscv,11,2024-07-29,2024-08-05,2024-10-21,592,12,PatchTST,LightGBM,3.590321904363608,2.8173115253448486,3.713073208928108,0.03684043934846296
Univariate,univariate,Brent Oil,Com_BrentCrudeOil,tscv,12,2024-08-26,2024-09-02,2024-11-18,596,12,PatchTST,-,4.279575438075112,3.3879287242889404,4.552148655056953,0.043912897941535356
Univariate,univariate,Brent Oil,Com_BrentCrudeOil,tscv,12,2024-08-26,2024-09-02,2024-11-18,596,12,PatchTST,NLinear,3.7342742523265957,3.268994092941284,4.40300852060318,0.03831754025625449
Univariate,univariate,Brent Oil,Com_BrentCrudeOil,tscv,12,2024-08-26,2024-09-02,2024-11-18,596,12,PatchTST,iTransformer,6.825421599057659,5.692934513092041,7.605680823326111,0.0700359291299656
Univariate,univariate,Brent Oil,Com_BrentCrudeOil,tscv,12,2024-08-26,2024-09-02,2024-11-18,596,12,PatchTST,XGBoost,4.252876206071595,3.661468505859375,4.962250590324402,0.043638936034086154
Univariate,univariate,Brent Oil,Com_BrentCrudeOil,tscv,12,2024-08-26,2024-09-02,2024-11-18,596,12,PatchTST,LightGBM,4.034792031526643,3.3163020610809326,4.480680823326111,0.0414011654332333
Univariate,univariate,Brent Oil,Com_BrentCrudeOil,tscv,13,2024-09-23,2024-09-30,2024-12-16,600,12,PatchTST,-,5.544353244993814,5.049808025360107,6.877633184194565,0.05689083455174287
Univariate,univariate,Brent Oil,Com_BrentCrudeOil,tscv,13,2024-09-23,2024-09-30,2024-12-16,600,12,PatchTST,NLinear,5.387172134937791,3.9563019275665283,5.262165889143944,0.055277992777108355
Univariate,univariate,Brent Oil,Com_BrentCrudeOil,tscv,13,2024-09-23,2024-09-30,2024-12-16,600,12,PatchTST,iTransformer,5.026820916626336,3.8719589710235596,5.161653459072113,0.05158041424349187
Univariate,univariate,Brent Oil,Com_BrentCrudeOil,tscv,13,2024-09-23,2024-09-30,2024-12-16,600,12,PatchTST,XGBoost,3.8735098896286906,2.9264793395996094,3.9161797612905502,0.03974624280377206
Univariate,univariate,Brent Oil,Com_BrentCrudeOil,tscv,13,2024-09-23,2024-09-30,2024-12-16,600,12,PatchTST,LightGBM,4.087985107379818,3.0589988231658936,4.096577689051628,0.041946981751916405
Univariate,univariate,Brent Oil,Com_BrentCrudeOil,tscv,14,2024-10-21,2024-10-28,2025-01-13,604,12,PatchTST,-,4.547309776047902,3.870812177658081,5.3122639656066895,0.04666013089231885
Univariate,univariate,Brent Oil,Com_BrentCrudeOil,tscv,14,2024-10-21,2024-10-28,2025-01-13,604,12,PatchTST,NLinear,4.6505220755912475,3.3658993244171143,4.431936517357826,0.04771919650332177
Univariate,univariate,Brent Oil,Com_BrentCrudeOil,tscv,14,2024-10-21,2024-10-28,2025-01-13,604,12,PatchTST,iTransformer,4.805005070805727,4.124155521392822,5.659598484635353,0.04930435281163244
Univariate,univariate,Brent Oil,Com_BrentCrudeOil,tscv,14,2024-10-21,2024-10-28,2025-01-13,604,12,PatchTST,XGBoost,3.478704379924059,2.9732818603515625,3.9586301892995834,0.035695127382328926
Univariate,univariate,Brent Oil,Com_BrentCrudeOil,tscv,14,2024-10-21,2024-10-28,2025-01-13,604,12,PatchTST,LightGBM,2.6307478146876115,2.193701982498169,2.9278552159667015,0.026994210516418676
Univariate,univariate,Brent Oil,Com_BrentCrudeOil,tscv,15,2024-11-18,2024-11-25,2025-02-10,608,12,PatchTST,-,3.77579022151324,2.7967216968536377,3.718649223446846,0.03874353730764822
Univariate,univariate,Brent Oil,Com_BrentCrudeOil,tscv,15,2024-11-18,2024-11-25,2025-02-10,608,12,PatchTST,NLinear,4.094489809702524,3.479649782180786,4.548013582825661,0.042013726767484015
Univariate,univariate,Brent Oil,Com_BrentCrudeOil,tscv,15,2024-11-18,2024-11-25,2025-02-10,608,12,PatchTST,iTransformer,4.889787791197522,4.370316982269287,5.754996836185455,0.05017431176004746
Univariate,univariate,Brent Oil,Com_BrentCrudeOil,tscv,15,2024-11-18,2024-11-25,2025-02-10,608,12,PatchTST,XGBoost,3.394844348019189,3.0644683837890625,4.0237512439489365,0.034834636178073204
Univariate,univariate,Brent Oil,Com_BrentCrudeOil,tscv,15,2024-11-18,2024-11-25,2025-02-10,608,12,PatchTST,LightGBM,3.594002092890483,3.1728038787841797,4.163380339741707,0.036878201912886634
Univariate,univariate,Brent Oil,Com_BrentCrudeOil,tscv,16,2024-12-16,2024-12-23,2025-03-10,612,12,PatchTST,-,3.7254169870767617,3.0403149127960205,4.12406213581562,0.03822665549663637
Univariate,univariate,Brent Oil,Com_BrentCrudeOil,tscv,16,2024-12-16,2024-12-23,2025-03-10,612,12,PatchTST,NLinear,4.221088354773412,3.7229092121124268,4.86772321164608,0.04331275959671842
Univariate,univariate,Brent Oil,Com_BrentCrudeOil,tscv,16,2024-12-16,2024-12-23,2025-03-10,612,12,PatchTST,iTransformer,4.157056916574706,3.4721248149871826,4.534707590937614,0.04265573040039836
Univariate,univariate,Brent Oil,Com_BrentCrudeOil,tscv,16,2024-12-16,2024-12-23,2025-03-10,612,12,PatchTST,XGBoost,5.072083996916588,4.3581318855285645,5.682601034641266,0.052044860554595895
Univariate,univariate,Brent Oil,Com_BrentCrudeOil,tscv,16,2024-12-16,2024-12-23,2025-03-10,612,12,PatchTST,LightGBM,4.304100592008501,3.560422897338867,4.631233215332031,0.04416455154532409
Univariate,univariate,Brent Oil,Com_BrentCrudeOil,tscv,17,2025-01-13,2025-01-20,2025-04-07,616,12,PatchTST,-,5.665605931952193,4.974690914154053,6.929982453584671,0.05813501331306765
Univariate,univariate,Brent Oil,Com_BrentCrudeOil,tscv,17,2025-01-13,2025-01-20,2025-04-07,616,12,PatchTST,NLinear,4.102455492446552,3.7603938579559326,5.1566701382398605,0.042095462962682496
Univariate,univariate,Brent Oil,Com_BrentCrudeOil,tscv,17,2025-01-13,2025-01-20,2025-04-07,616,12,PatchTST,iTransformer,3.3884159046425326,2.937180280685425,4.0616244077682495,0.03476867365865819
Univariate,univariate,Brent Oil,Com_BrentCrudeOil,tscv,17,2025-01-13,2025-01-20,2025-04-07,616,12,PatchTST,XGBoost,3.399017214384423,3.123582124710083,4.301793873310089,0.03487745412987045
Univariate,univariate,Brent Oil,Com_BrentCrudeOil,tscv,17,2025-01-13,2025-01-20,2025-04-07,616,12,PatchTST,LightGBM,3.057482755149188,2.6725265979766846,3.692037984728813,0.03137295512782456
Univariate,univariate,Brent Oil,Com_BrentCrudeOil,tscv,18,2025-02-10,2025-02-17,2025-05-05,620,12,PatchTST,-,3.4476284279252853,2.9977614879608154,4.369641840457916,0.03537625577267879
Univariate,univariate,Brent Oil,Com_BrentCrudeOil,tscv,18,2025-02-10,2025-02-17,2025-05-05,620,12,PatchTST,NLinear,10.615146510963415,8.600831031799316,12.962119281291962,0.10892245086350086
Univariate,univariate,Brent Oil,Com_BrentCrudeOil,tscv,18,2025-02-10,2025-02-17,2025-05-05,620,12,PatchTST,iTransformer,2.9597737383067333,2.477992057800293,3.6296505481004715,0.03037035892484692
Univariate,univariate,Brent Oil,Com_BrentCrudeOil,tscv,18,2025-02-10,2025-02-17,2025-05-05,620,12,PatchTST,XGBoost,4.4803450815948205,3.62215518951416,5.38085401058197,0.04597300343405703
Univariate,univariate,Brent Oil,Com_BrentCrudeOil,tscv,18,2025-02-10,2025-02-17,2025-05-05,620,12,PatchTST,LightGBM,3.6322107616560255,2.901921033859253,4.338540509343147,0.03727026261990337
Univariate,univariate,Brent Oil,Com_BrentCrudeOil,tscv,19,2025-03-10,2025-03-17,2025-06-02,624,12,PatchTST,-,3.723147060706108,2.746844530105591,4.1642215102910995,0.03820336368965887
Univariate,univariate,Brent Oil,Com_BrentCrudeOil,tscv,19,2025-03-10,2025-03-17,2025-06-02,624,12,PatchTST,NLinear,4.5375154521248175,3.809215545654297,5.778931453824043,0.04655963093547402
Univariate,univariate,Brent Oil,Com_BrentCrudeOil,tscv,19,2025-03-10,2025-03-17,2025-06-02,624,12,PatchTST,iTransformer,3.137205473309438,2.4348537921905518,3.7488311529159546,0.032190993187171744
Univariate,univariate,Brent Oil,Com_BrentCrudeOil,tscv,19,2025-03-10,2025-03-17,2025-06-02,624,12,PatchTST,XGBoost,5.109125813698484,4.19235897064209,6.38059601187706,0.05242494814586502
Univariate,univariate,Brent Oil,Com_BrentCrudeOil,tscv,19,2025-03-10,2025-03-17,2025-06-02,624,12,PatchTST,LightGBM,6.592039347392305,5.687564373016357,8.66604819893837,0.06764118433645963
Univariate,univariate,Brent Oil,Com_BrentCrudeOil,tscv,20,2025-04-07,2025-04-14,2025-06-30,628,12,PatchTST,-,5.368188312178037,4.202142238616943,6.133770942687988,0.05508319899827401
Univariate,univariate,Brent Oil,Com_BrentCrudeOil,tscv,20,2025-04-07,2025-04-14,2025-06-30,628,12,PatchTST,NLinear,8.284168578417784,7.5712103843688965,11.296708136796951,0.08500419132187509
Univariate,univariate,Brent Oil,Com_BrentCrudeOil,tscv,20,2025-04-07,2025-04-14,2025-06-30,628,12,PatchTST,iTransformer,4.868237426572321,4.0988264083862305,5.9936899691820145,0.04995318259055794
Univariate,univariate,Brent Oil,Com_BrentCrudeOil,tscv,20,2025-04-07,2025-04-14,2025-06-30,628,12,PatchTST,XGBoost,5.562503257493341,4.651381015777588,6.799127161502838,0.05707707256952339
Univariate,univariate,Brent Oil,Com_BrentCrudeOil,tscv,20,2025-04-07,2025-04-14,2025-06-30,628,12,PatchTST,LightGBM,9.992363493490174,8.944351196289062,13.274538516998291,0.10253204894589273
Univariate,univariate,Brent Oil,Com_BrentCrudeOil,tscv,21,2025-05-05,2025-05-12,2025-07-28,632,12,PatchTST,-,4.0754079134799355,3.0972068309783936,4.432477056980133,0.04181792665285152
Univariate,univariate,Brent Oil,Com_BrentCrudeOil,tscv,21,2025-05-05,2025-05-12,2025-07-28,632,12,PatchTST,NLinear,4.421233329450322,3.7665512561798096,5.488355457782745,0.04536645533679198
Univariate,univariate,Brent Oil,Com_BrentCrudeOil,tscv,21,2025-05-05,2025-05-12,2025-07-28,632,12,PatchTST,iTransformer,3.685547004380297,2.8063220977783203,4.040748253464699,0.037817547979684146
Univariate,univariate,Brent Oil,Com_BrentCrudeOil,tscv,21,2025-05-05,2025-05-12,2025-07-28,632,12,PatchTST,XGBoost,4.583432398794739,3.69376277923584,5.3338199853897095,0.047030786596141634
Univariate,univariate,Brent Oil,Com_BrentCrudeOil,tscv,21,2025-05-05,2025-05-12,2025-07-28,632,12,PatchTST,LightGBM,5.530393372490983,4.661305904388428,6.702848523855209,0.05674759173119585
Univariate,univariate,Brent Oil,Com_BrentCrudeOil,tscv,22,2025-06-02,2025-06-09,2025-08-25,636,12,PatchTST,-,9.755671489995095,9.124839782714844,13.047526776790619,0.100103342654006
Univariate,univariate,Brent Oil,Com_BrentCrudeOil,tscv,22,2025-06-02,2025-06-09,2025-08-25,636,12,PatchTST,NLinear,8.276839092833226,7.564253330230713,10.794668644666672,0.08492898317165179
Univariate,univariate,Brent Oil,Com_BrentCrudeOil,tscv,22,2025-06-02,2025-06-09,2025-08-25,636,12,PatchTST,iTransformer,10.875007366309466,10.28335952758789,14.722271263599396,0.11158889368824608
Univariate,univariate,Brent Oil,Com_BrentCrudeOil,tscv,22,2025-06-02,2025-06-09,2025-08-25,636,12,PatchTST,XGBoost,14.994570957620795,14.612139701843262,21.00236415863037,0.15385990355045012
Univariate,univariate,Brent Oil,Com_BrentCrudeOil,tscv,22,2025-06-02,2025-06-09,2025-08-25,636,12,PatchTST,LightGBM,15.002683272371439,14.61047649383545,20.997639000415802,0.153943144342643
Univariate,univariate,Brent Oil,Com_BrentCrudeOil,tscv,23,2025-06-30,2025-07-07,2025-09-22,640,12,PatchTST,-,4.719598554899472,4.164219856262207,6.063665077090263,0.048427993072026956
Univariate,univariate,Brent Oil,Com_BrentCrudeOil,tscv,23,2025-06-30,2025-07-07,2025-09-22,640,12,PatchTST,NLinear,7.925527840253346,7.702579021453857,11.27685010433197,0.08132416409474072
Univariate,univariate,Brent Oil,Com_BrentCrudeOil,tscv,23,2025-06-30,2025-07-07,2025-09-22,640,12,PatchTST,iTransformer,4.006723713354981,3.380406379699707,4.914344474673271,0.0411131552768293
Univariate,univariate,Brent Oil,Com_BrentCrudeOil,tscv,23,2025-06-30,2025-07-07,2025-09-22,640,12,PatchTST,XGBoost,6.24417361482527,5.983610153198242,8.755440264940262,0.06407171988078819
Univariate,univariate,Brent Oil,Com_BrentCrudeOil,tscv,23,2025-06-30,2025-07-07,2025-09-22,640,12,PatchTST,LightGBM,7.340282384445331,7.164161682128906,10.507339239120483,0.0753189366268487
Univariate,univariate,Brent Oil,Com_BrentCrudeOil,tscv,24,2025-07-28,2025-08-04,2025-10-20,644,12,PatchTST,-,2.529502359534311,2.2323381900787354,3.3757489174604416,0.025955326775841153
Univariate,univariate,Brent Oil,Com_BrentCrudeOil,tscv,24,2025-07-28,2025-08-04,2025-10-20,644,12,PatchTST,NLinear,6.984799911920907,6.67207145690918,10.141631215810776,0.07167131649213017
Univariate,univariate,Brent Oil,Com_BrentCrudeOil,tscv,24,2025-07-28,2025-08-04,2025-10-20,644,12,PatchTST,iTransformer,6.993895184711902,6.429813861846924,9.701865911483765,0.07176464345682576
Univariate,univariate,Brent Oil,Com_BrentCrudeOil,tscv,24,2025-07-28,2025-08-04,2025-10-20,644,12,PatchTST,XGBoost,6.8566538772624455,6.527761936187744,9.844300895929337,0.07035640480918515
Univariate,univariate,Brent Oil,Com_BrentCrudeOil,tscv,24,2025-07-28,2025-08-04,2025-10-20,644,12,PatchTST,LightGBM,6.479305188169141,6.243228912353516,9.415215998888016,0.06648441453531359
Univariate,univariate,Brent Oil,Com_BrentCrudeOil,holdout,1,2025-10-20,2025-10-27,2026-01-12,656,12,PatchTST,-,2.8378704619035946,2.290761709213257,3.637285530567169,0.02911950443872118
Univariate,univariate,Brent Oil,Com_BrentCrudeOil,holdout,1,2025-10-20,2025-10-27,2026-01-12,656,12,PatchTST,NLinear,2.4011077430442964,2.1266043186187744,3.374027833342552,0.0246378643845941
Univariate,univariate,Brent Oil,Com_BrentCrudeOil,holdout,1,2025-10-20,2025-10-27,2026-01-12,656,12,PatchTST,iTransformer,3.1027508436138387,2.6879491806030273,4.268112406134605,0.03183745282801014
Univariate,univariate,Brent Oil,Com_BrentCrudeOil,holdout,1,2025-10-20,2025-10-27,2026-01-12,656,12,PatchTST,XGBoost,5.019629095289059,4.830097198486328,7.671322673559189,0.05150661867171908
Univariate,univariate,Brent Oil,Com_BrentCrudeOil,holdout,1,2025-10-20,2025-10-27,2026-01-12,656,12,PatchTST,LightGBM,4.807546469016999,4.46526575088501,7.080134004354477,0.04933043020222765
Multivariate+Exogenous,exogenous,WTI Oil,Com_CrudeOil,tscv,1,2023-10-23,2023-10-30,2024-01-15,552,12,PatchTST,-,11.924092217847301,11.645508766174316,15.564073622226715,0.11905519817661775
Multivariate+Exogenous,exogenous,WTI Oil,Com_CrudeOil,tscv,1,2023-10-23,2023-10-30,2024-01-15,552,12,PatchTST,NLinear,40.22783775775256,37.24982833862305,50.70849657058716,0.4016518078665692
Multivariate+Exogenous,exogenous,WTI Oil,Com_CrudeOil,tscv,1,2023-10-23,2023-10-30,2024-01-15,552,12,PatchTST,iTransformer,5.183433133520931,4.751196384429932,6.333784759044647,0.0517535966404989
Multivariate+Exogenous,exogenous,WTI Oil,Com_CrudeOil,tscv,1,2023-10-23,2023-10-30,2024-01-15,552,12,PatchTST,XGBoost,8.115566940011801,7.658830165863037,10.209214687347412,0.08102926518066998
Multivariate+Exogenous,exogenous,WTI Oil,Com_CrudeOil,tscv,1,2023-10-23,2023-10-30,2024-01-15,552,12,PatchTST,LightGBM,8.342041297856102,7.93873929977417,10.580446571111679,0.08329048130198771
Multivariate+Exogenous,exogenous,WTI Oil,Com_CrudeOil,tscv,2,2023-11-20,2023-11-27,2024-02-12,556,12,PatchTST,-,16.366183404462863,15.673126220703125,21.186280250549316,0.1634069221384271
Multivariate+Exogenous,exogenous,WTI Oil,Com_CrudeOil,tscv,2,2023-11-20,2023-11-27,2024-02-12,556,12,PatchTST,NLinear,11.81522204809958,10.073651313781738,13.505212962627411,0.11796819218924062
Multivariate+Exogenous,exogenous,WTI Oil,Com_CrudeOil,tscv,2,2023-11-20,2023-11-27,2024-02-12,556,12,PatchTST,iTransformer,8.04902552043496,6.854518890380859,9.209968894720078,0.08036488740247594
Multivariate+Exogenous,exogenous,WTI Oil,Com_CrudeOil,tscv,2,2023-11-20,2023-11-27,2024-02-12,556,12,PatchTST,XGBoost,11.687002569210566,10.673722267150879,14.400121569633484,0.11668799448610763
Multivariate+Exogenous,exogenous,WTI Oil,Com_CrudeOil,tscv,2,2023-11-20,2023-11-27,2024-02-12,556,12,PatchTST,LightGBM,11.707129003595883,10.71689510345459,14.460533857345581,0.11688894535016972
Multivariate+Exogenous,exogenous,WTI Oil,Com_CrudeOil,tscv,3,2023-12-18,2023-12-25,2024-03-11,560,12,PatchTST,-,9.462177677283616,8.508896827697754,11.161434650421143,0.09447439838357309
Multivariate+Exogenous,exogenous,WTI Oil,Com_CrudeOil,tscv,3,2023-12-18,2023-12-25,2024-03-11,560,12,PatchTST,NLinear,5.018959719407904,4.4134368896484375,5.855182185769081,0.05011142425921666
Multivariate+Exogenous,exogenous,WTI Oil,Com_CrudeOil,tscv,3,2023-12-18,2023-12-25,2024-03-11,560,12,PatchTST,iTransformer,6.544302860722548,5.53319787979126,7.243514806032181,0.06534109765143943
Multivariate+Exogenous,exogenous,WTI Oil,Com_CrudeOil,tscv,3,2023-12-18,2023-12-25,2024-03-11,560,12,PatchTST,XGBoost,5.099343627878069,3.9400017261505127,5.150599405169487,0.05091401132230584
Multivariate+Exogenous,exogenous,WTI Oil,Com_CrudeOil,tscv,3,2023-12-18,2023-12-25,2024-03-11,560,12,PatchTST,LightGBM,6.19264977900417,5.19702672958374,6.808292120695114,0.06183004401578093
Multivariate+Exogenous,exogenous,WTI Oil,Com_CrudeOil,tscv,4,2024-01-15,2024-01-22,2024-04-08,564,12,PatchTST,-,8.906219589449178,7.8468241691589355,9.71423089504242,0.08892347684457715
Multivariate+Exogenous,exogenous,WTI Oil,Com_CrudeOil,tscv,4,2024-01-15,2024-01-22,2024-04-08,564,12,PatchTST,NLinear,8.317314875944367,6.6371588706970215,8.139616250991821,0.08304360220988423
Multivariate+Exogenous,exogenous,WTI Oil,Com_CrudeOil,tscv,4,2024-01-15,2024-01-22,2024-04-08,564,12,PatchTST,iTransformer,6.329023132638762,4.441959857940674,5.388347432017326,0.06319165346548607
Multivariate+Exogenous,exogenous,WTI Oil,Com_CrudeOil,tscv,4,2024-01-15,2024-01-22,2024-04-08,564,12,PatchTST,XGBoost,5.095121234203888,3.65583872795105,4.4384244829416275,0.05087185315156418
Multivariate+Exogenous,exogenous,WTI Oil,Com_CrudeOil,tscv,4,2024-01-15,2024-01-22,2024-04-08,564,12,PatchTST,LightGBM,4.466332695465266,3.244673490524292,3.982974961400032,0.044593761476068285
Multivariate+Exogenous,exogenous,WTI Oil,Com_CrudeOil,tscv,5,2024-02-12,2024-02-19,2024-05-06,568,12,PatchTST,-,12.274740964560936,11.447892189025879,13.963991403579712,0.12255622410527423
Multivariate+Exogenous,exogenous,WTI Oil,Com_CrudeOil,tscv,5,2024-02-12,2024-02-19,2024-05-06,568,12,PatchTST,NLinear,11.183165664287655,9.806302070617676,11.910033226013184,0.11165747296141582
Multivariate+Exogenous,exogenous,WTI Oil,Com_CrudeOil,tscv,5,2024-02-12,2024-02-19,2024-05-06,568,12,PatchTST,iTransformer,5.65642517830206,4.759271144866943,5.77336885035038,0.05647614998867715
Multivariate+Exogenous,exogenous,WTI Oil,Com_CrudeOil,tscv,5,2024-02-12,2024-02-19,2024-05-06,568,12,PatchTST,XGBoost,7.805848486831219,6.749273300170898,8.181511610746384,0.07793690467651526
Multivariate+Exogenous,exogenous,WTI Oil,Com_CrudeOil,tscv,5,2024-02-12,2024-02-19,2024-05-06,568,12,PatchTST,LightGBM,7.071256896958503,6.071130275726318,7.356487959623337,0.07060243042779447
Multivariate+Exogenous,exogenous,WTI Oil,Com_CrudeOil,tscv,6,2024-03-11,2024-03-18,2024-06-03,572,12,PatchTST,-,10.345336054878976,9.622218132019043,11.748402565717697,0.10329222650373651
Multivariate+Exogenous,exogenous,WTI Oil,Com_CrudeOil,tscv,6,2024-03-11,2024-03-18,2024-06-03,572,12,PatchTST,NLinear,29.09550482254787,27.8835506439209,34.9125474691391,0.2905018704495173
Multivariate+Exogenous,exogenous,WTI Oil,Com_CrudeOil,tscv,6,2024-03-11,2024-03-18,2024-06-03,572,12,PatchTST,iTransformer,8.053098890079424,6.927311420440674,8.39344784617424,0.080405557654048
Multivariate+Exogenous,exogenous,WTI Oil,Com_CrudeOil,tscv,6,2024-03-11,2024-03-18,2024-06-03,572,12,PatchTST,XGBoost,3.7229225407692637,3.329369306564331,4.147234559059143,0.037171238932895506
Multivariate+Exogenous,exogenous,WTI Oil,Com_CrudeOil,tscv,6,2024-03-11,2024-03-18,2024-06-03,572,12,PatchTST,LightGBM,4.300147457699443,3.47320818901062,4.230663180351257,0.04293449752081095
Multivariate+Exogenous,exogenous,WTI Oil,Com_CrudeOil,tscv,7,2024-04-08,2024-04-15,2024-07-01,576,12,PatchTST,-,10.691278514719222,10.352819442749023,12.890684604644775,0.1067462628665501
Multivariate+Exogenous,exogenous,WTI Oil,Com_CrudeOil,tscv,7,2024-04-08,2024-04-15,2024-07-01,576,12,PatchTST,NLinear,10.995303104901309,10.751941680908203,13.517077267169952,0.10978177342562793
Multivariate+Exogenous,exogenous,WTI Oil,Com_CrudeOil,tscv,7,2024-04-08,2024-04-15,2024-07-01,576,12,PatchTST,iTransformer,6.804094080665325,6.155323505401611,7.7948518097400665,0.06793496346610825
Multivariate+Exogenous,exogenous,WTI Oil,Com_CrudeOil,tscv,7,2024-04-08,2024-04-15,2024-07-01,576,12,PatchTST,XGBoost,3.101134916950942,2.5439999103546143,3.1544912606477737,0.030963047363674074
Multivariate+Exogenous,exogenous,WTI Oil,Com_CrudeOil,tscv,7,2024-04-08,2024-04-15,2024-07-01,576,12,PatchTST,LightGBM,2.718809192933882,2.3432438373565674,2.9275527223944664,0.027145745047549633
Multivariate+Exogenous,exogenous,WTI Oil,Com_CrudeOil,tscv,8,2024-05-06,2024-05-13,2024-07-29,580,12,PatchTST,-,13.410824722087844,12.964312553405762,16.33753925561905,0.13389936657906004
Multivariate+Exogenous,exogenous,WTI Oil,Com_CrudeOil,tscv,8,2024-05-06,2024-05-13,2024-07-29,580,12,PatchTST,NLinear,4.6946200401275275,3.7617194652557373,4.808539524674416,0.046873079227343274
Multivariate+Exogenous,exogenous,WTI Oil,Com_CrudeOil,tscv,8,2024-05-06,2024-05-13,2024-07-29,580,12,PatchTST,iTransformer,9.434543980351542,8.810266494750977,11.07916533946991,0.0941984918236023
Multivariate+Exogenous,exogenous,WTI Oil,Com_CrudeOil,tscv,8,2024-05-06,2024-05-13,2024-07-29,580,12,PatchTST,XGBoost,10.598922861900615,9.97391414642334,12.564374506473541,0.10582414482618534
Multivariate+Exogenous,exogenous,WTI Oil,Com_CrudeOil,tscv,8,2024-05-06,2024-05-13,2024-07-29,580,12,PatchTST,LightGBM,8.606688147689681,8.105779647827148,10.199669003486633,0.08593282778657758
Multivariate+Exogenous,exogenous,WTI Oil,Com_CrudeOil,tscv,9,2024-06-03,2024-06-10,2024-08-26,584,12,PatchTST,-,5.496449972075815,5.049116134643555,6.349647045135498,0.05487888962431128
Multivariate+Exogenous,exogenous,WTI Oil,Com_CrudeOil,tscv,9,2024-06-03,2024-06-10,2024-08-26,584,12,PatchTST,NLinear,13.271910204031188,10.160501480102539,13.283281028270721,0.1325123850651054
Multivariate+Exogenous,exogenous,WTI Oil,Com_CrudeOil,tscv,9,2024-06-03,2024-06-10,2024-08-26,584,12,PatchTST,iTransformer,15.30742452156464,15.199356079101562,19.488923251628876,0.15283582403537516
Multivariate+Exogenous,exogenous,WTI Oil,Com_CrudeOil,tscv,9,2024-06-03,2024-06-10,2024-08-26,584,12,PatchTST,XGBoost,10.539760693723412,9.883095741271973,12.7815842628479,0.10523344462626967
Multivariate+Exogenous,exogenous,WTI Oil,Com_CrudeOil,tscv,9,2024-06-03,2024-06-10,2024-08-26,584,12,PatchTST,LightGBM,9.490466102272265,8.930094718933105,11.557596921920776,0.09475684202637612
Multivariate+Exogenous,exogenous,WTI Oil,Com_CrudeOil,tscv,10,2024-07-01,2024-07-08,2024-09-23,588,12,PatchTST,-,9.128638809197627,8.271916389465332,10.852400213479996,0.09114420474584298
Multivariate+Exogenous,exogenous,WTI Oil,Com_CrudeOil,tscv,10,2024-07-01,2024-07-08,2024-09-23,588,12,PatchTST,NLinear,10.19987812343413,9.489751815795898,13.018827140331268,0.10183991277300176
Multivariate+Exogenous,exogenous,WTI Oil,Com_CrudeOil,tscv,10,2024-07-01,2024-07-08,2024-09-23,588,12,PatchTST,iTransformer,3.507183332878383,2.8384456634521484,3.887377679347992,0.03501720710551064
Multivariate+Exogenous,exogenous,WTI Oil,Com_CrudeOil,tscv,10,2024-07-01,2024-07-08,2024-09-23,588,12,PatchTST,XGBoost,4.164570217420423,3.287078857421875,4.511170461773872,0.04158083680477771
Multivariate+Exogenous,exogenous,WTI Oil,Com_CrudeOil,tscv,10,2024-07-01,2024-07-08,2024-09-23,588,12,PatchTST,LightGBM,4.386824187916411,3.659531354904175,5.022953450679779,0.04379991478736287
Multivariate+Exogenous,exogenous,WTI Oil,Com_CrudeOil,tscv,11,2024-07-29,2024-08-05,2024-10-21,592,12,PatchTST,-,4.1477528382459985,3.3419811725616455,4.5994773507118225,0.04141292495255087
Multivariate+Exogenous,exogenous,WTI Oil,Com_CrudeOil,tscv,11,2024-07-29,2024-08-05,2024-10-21,592,12,PatchTST,NLinear,11.46581128796436,10.506831169128418,14.76917564868927,0.11447952684407683
Multivariate+Exogenous,exogenous,WTI Oil,Com_CrudeOil,tscv,11,2024-07-29,2024-08-05,2024-10-21,592,12,PatchTST,iTransformer,9.281380289621065,8.17546558380127,11.452806740999222,0.09266924052126115
Multivariate+Exogenous,exogenous,WTI Oil,Com_CrudeOil,tscv,11,2024-07-29,2024-08-05,2024-10-21,592,12,PatchTST,XGBoost,12.62844348440722,11.978514671325684,16.777651011943817,0.12608774020113606
Multivariate+Exogenous,exogenous,WTI Oil,Com_CrudeOil,tscv,11,2024-07-29,2024-08-05,2024-10-21,592,12,PatchTST,LightGBM,12.660863718276627,12.016884803771973,16.829310357570648,0.12641143757765227
Multivariate+Exogenous,exogenous,WTI Oil,Com_CrudeOil,tscv,12,2024-08-26,2024-09-02,2024-11-18,596,12,PatchTST,-,7.461187004990392,6.803338527679443,9.591346979141235,0.07449565814179042
Multivariate+Exogenous,exogenous,WTI Oil,Com_CrudeOil,tscv,12,2024-08-26,2024-09-02,2024-11-18,596,12,PatchTST,NLinear,5.895799221124355,5.551612377166748,7.958721369504929,0.05886616204040308
Multivariate+Exogenous,exogenous,WTI Oil,Com_CrudeOil,tscv,12,2024-08-26,2024-09-02,2024-11-18,596,12,PatchTST,iTransformer,5.388306757803097,4.485447406768799,6.294504553079605,0.05379914186897069
Multivariate+Exogenous,exogenous,WTI Oil,Com_CrudeOil,tscv,12,2024-08-26,2024-09-02,2024-11-18,596,12,PatchTST,XGBoost,4.149170316924536,3.603062391281128,5.115551128983498,0.04142707766136101
Multivariate+Exogenous,exogenous,WTI Oil,Com_CrudeOil,tscv,12,2024-08-26,2024-09-02,2024-11-18,596,12,PatchTST,LightGBM,4.326290030835682,3.28193736076355,4.5879025012254715,0.043195516067860026
Multivariate+Exogenous,exogenous,WTI Oil,Com_CrudeOil,tscv,13,2024-09-23,2024-09-30,2024-12-16,600,12,PatchTST,-,6.368245754177182,5.5582709312438965,7.914483547210693,0.06358326876793012
Multivariate+Exogenous,exogenous,WTI Oil,Com_CrudeOil,tscv,13,2024-09-23,2024-09-30,2024-12-16,600,12,PatchTST,NLinear,4.4376858954377765,3.685680389404297,5.299699306488037,0.04430773966475639
Multivariate+Exogenous,exogenous,WTI Oil,Com_CrudeOil,tscv,13,2024-09-23,2024-09-30,2024-12-16,600,12,PatchTST,iTransformer,3.5123063763776314,2.7166621685028076,3.8590002804994583,0.0350683577464087
Multivariate+Exogenous,exogenous,WTI Oil,Com_CrudeOil,tscv,13,2024-09-23,2024-09-30,2024-12-16,600,12,PatchTST,XGBoost,3.6282230386951224,2.946186065673828,4.227639734745026,0.036225718906659134
Multivariate+Exogenous,exogenous,WTI Oil,Com_CrudeOil,tscv,13,2024-09-23,2024-09-30,2024-12-16,600,12,PatchTST,LightGBM,3.1702412123018724,2.459688186645508,3.49564291536808,0.031653033950321104
Multivariate+Exogenous,exogenous,WTI Oil,Com_CrudeOil,tscv,14,2024-10-21,2024-10-28,2025-01-13,604,12,PatchTST,-,14.181693212140829,13.493023872375488,18.927842378616333,0.14159604479780136
Multivariate+Exogenous,exogenous,WTI Oil,Com_CrudeOil,tscv,14,2024-10-21,2024-10-28,2025-01-13,604,12,PatchTST,NLinear,4.189292637878874,3.571423292160034,5.113701522350311,0.041827675944673084
Multivariate+Exogenous,exogenous,WTI Oil,Com_CrudeOil,tscv,14,2024-10-21,2024-10-28,2025-01-13,604,12,PatchTST,iTransformer,5.684954733957733,4.71361780166626,6.567797809839249,0.056761001182413576
Multivariate+Exogenous,exogenous,WTI Oil,Com_CrudeOil,tscv,14,2024-10-21,2024-10-28,2025-01-13,604,12,PatchTST,XGBoost,8.073263863921698,7.445301055908203,10.41969582438469,0.08060689331240738
Multivariate+Exogenous,exogenous,WTI Oil,Com_CrudeOil,tscv,14,2024-10-21,2024-10-28,2025-01-13,604,12,PatchTST,LightGBM,5.0610289143488405,4.161933422088623,5.8126285672187805,0.05053146095880939
Multivariate+Exogenous,exogenous,WTI Oil,Com_CrudeOil,tscv,15,2024-11-18,2024-11-25,2025-02-10,608,12,PatchTST,-,11.408525297464639,10.64736557006836,14.622804522514343,0.1139075591984828
Multivariate+Exogenous,exogenous,WTI Oil,Com_CrudeOil,tscv,15,2024-11-18,2024-11-25,2025-02-10,608,12,PatchTST,NLinear,6.864120753384298,6.121309757232666,8.639243990182877,0.06853429524632912
Multivariate+Exogenous,exogenous,WTI Oil,Com_CrudeOil,tscv,15,2024-11-18,2024-11-25,2025-02-10,608,12,PatchTST,iTransformer,4.515035095754357,3.6029224395751953,4.9575746059417725,0.04508002691348381
Multivariate+Exogenous,exogenous,WTI Oil,Com_CrudeOil,tscv,15,2024-11-18,2024-11-25,2025-02-10,608,12,PatchTST,XGBoost,5.078531947335992,4.521165370941162,6.3545770943164825,0.05070621866974509
Multivariate+Exogenous,exogenous,WTI Oil,Com_CrudeOil,tscv,15,2024-11-18,2024-11-25,2025-02-10,608,12,PatchTST,LightGBM,4.548355123808539,3.757779359817505,5.264279618859291,0.04541270821708055
Multivariate+Exogenous,exogenous,WTI Oil,Com_CrudeOil,tscv,16,2024-12-16,2024-12-23,2025-03-10,612,12,PatchTST,-,4.484060668562113,3.8081257343292236,5.211794376373291,0.04477076508454053
Multivariate+Exogenous,exogenous,WTI Oil,Com_CrudeOil,tscv,16,2024-12-16,2024-12-23,2025-03-10,612,12,PatchTST,NLinear,7.916209826756757,6.620666980743408,9.445168823003769,0.07903879913991149
Multivariate+Exogenous,exogenous,WTI Oil,Com_CrudeOil,tscv,16,2024-12-16,2024-12-23,2025-03-10,612,12,PatchTST,iTransformer,4.516143452274136,3.777374267578125,5.375154688954353,0.045091093215446416
Multivariate+Exogenous,exogenous,WTI Oil,Com_CrudeOil,tscv,16,2024-12-16,2024-12-23,2025-03-10,612,12,PatchTST,XGBoost,4.492304049099489,3.8212730884552,5.4192449897527695,0.044853070494930904
Multivariate+Exogenous,exogenous,WTI Oil,Com_CrudeOil,tscv,16,2024-12-16,2024-12-23,2025-03-10,612,12,PatchTST,LightGBM,5.170635893210925,4.590881824493408,6.47326335310936,0.051625823561141024
Multivariate+Exogenous,exogenous,WTI Oil,Com_CrudeOil,tscv,17,2025-01-13,2025-01-20,2025-04-07,616,12,PatchTST,-,6.073904734648539,4.851656436920166,6.895710527896881,0.06064444308868553
Multivariate+Exogenous,exogenous,WTI Oil,Com_CrudeOil,tscv,17,2025-01-13,2025-01-20,2025-04-07,616,12,PatchTST,NLinear,7.5781280202957895,6.37933874130249,9.505066275596619,0.0756632468770839
Multivariate+Exogenous,exogenous,WTI Oil,Com_CrudeOil,tscv,17,2025-01-13,2025-01-20,2025-04-07,616,12,PatchTST,iTransformer,7.085627405011941,5.649660110473633,8.466144651174545,0.07074591168011489
Multivariate+Exogenous,exogenous,WTI Oil,Com_CrudeOil,tscv,17,2025-01-13,2025-01-20,2025-04-07,616,12,PatchTST,XGBoost,5.566339946151166,4.674567699432373,6.964505463838577,0.0555767007919946
Multivariate+Exogenous,exogenous,WTI Oil,Com_CrudeOil,tscv,17,2025-01-13,2025-01-20,2025-04-07,616,12,PatchTST,LightGBM,10.322506760132844,9.049666404724121,13.461942970752716,0.10306428913453661
Multivariate+Exogenous,exogenous,WTI Oil,Com_CrudeOil,tscv,18,2025-02-10,2025-02-17,2025-05-05,620,12,PatchTST,-,6.616081424585707,6.231882572174072,9.403639286756516,0.06605776530122251
Multivariate+Exogenous,exogenous,WTI Oil,Com_CrudeOil,tscv,18,2025-02-10,2025-02-17,2025-05-05,620,12,PatchTST,NLinear,2.519216970315215,2.0210649967193604,3.124603070318699,0.025152931575106785
Multivariate+Exogenous,exogenous,WTI Oil,Com_CrudeOil,tscv,18,2025-02-10,2025-02-17,2025-05-05,620,12,PatchTST,iTransformer,3.6343380585856995,3.3227474689483643,5.204568430781364,0.03628677386091695
Multivariate+Exogenous,exogenous,WTI Oil,Com_CrudeOil,tscv,18,2025-02-10,2025-02-17,2025-05-05,620,12,PatchTST,XGBoost,4.479248306358406,4.069944858551025,6.394419074058533,0.044722716417573465
Multivariate+Exogenous,exogenous,WTI Oil,Com_CrudeOil,tscv,18,2025-02-10,2025-02-17,2025-05-05,620,12,PatchTST,LightGBM,6.230199041478173,5.884044647216797,9.20717790722847,0.06220495179102752
Multivariate+Exogenous,exogenous,WTI Oil,Com_CrudeOil,tscv,19,2025-03-10,2025-03-17,2025-06-02,624,12,PatchTST,-,4.231400800127925,3.5497772693634033,5.5035751312971115,0.04224810171041066
Multivariate+Exogenous,exogenous,WTI Oil,Com_CrudeOil,tscv,19,2025-03-10,2025-03-17,2025-06-02,624,12,PatchTST,NLinear,4.306196166478524,3.733469009399414,6.021881103515625,0.04299489039678422
Multivariate+Exogenous,exogenous,WTI Oil,Com_CrudeOil,tscv,19,2025-03-10,2025-03-17,2025-06-02,624,12,PatchTST,iTransformer,2.6604062045575465,2.22939395904541,3.5571757704019547,0.026562624821018323
Multivariate+Exogenous,exogenous,WTI Oil,Com_CrudeOil,tscv,19,2025-03-10,2025-03-17,2025-06-02,624,12,PatchTST,XGBoost,4.167258462205136,3.54606032371521,5.74837438762188,0.04160767738179977
Multivariate+Exogenous,exogenous,WTI Oil,Com_CrudeOil,tscv,19,2025-03-10,2025-03-17,2025-06-02,624,12,PatchTST,LightGBM,3.619884301333608,3.1002767086029053,4.987679049372673,0.036142461413260024
Multivariate+Exogenous,exogenous,WTI Oil,Com_CrudeOil,tscv,20,2025-04-07,2025-04-14,2025-06-30,628,12,PatchTST,-,8.194923820769944,6.118058681488037,9.137050062417984,0.0818215979631352
Multivariate+Exogenous,exogenous,WTI Oil,Com_CrudeOil,tscv,20,2025-04-07,2025-04-14,2025-06-30,628,12,PatchTST,NLinear,7.554551163777555,5.587931156158447,8.337939530611038,0.07542784553383038
Multivariate+Exogenous,exogenous,WTI Oil,Com_CrudeOil,tscv,20,2025-04-07,2025-04-14,2025-06-30,628,12,PatchTST,iTransformer,8.156231759588081,7.600767135620117,12.096435576677322,0.08143528000050039
Multivariate+Exogenous,exogenous,WTI Oil,Com_CrudeOil,tscv,20,2025-04-07,2025-04-14,2025-06-30,628,12,PatchTST,XGBoost,12.613719168226428,11.498139381408691,18.4281125664711,0.1259407263782896
Multivariate+Exogenous,exogenous,WTI Oil,Com_CrudeOil,tscv,20,2025-04-07,2025-04-14,2025-06-30,628,12,PatchTST,LightGBM,11.267943927965275,10.076926231384277,16.15547090768814,0.11250393513218816
Multivariate+Exogenous,exogenous,WTI Oil,Com_CrudeOil,tscv,21,2025-05-05,2025-05-12,2025-07-28,632,12,PatchTST,-,5.311039982048523,4.5010294914245605,6.6634394228458405,0.05302767758205747
Multivariate+Exogenous,exogenous,WTI Oil,Com_CrudeOil,tscv,21,2025-05-05,2025-05-12,2025-07-28,632,12,PatchTST,NLinear,7.758837921200002,6.903540134429932,10.257547348737717,0.07746753123446469
Multivariate+Exogenous,exogenous,WTI Oil,Com_CrudeOil,tscv,21,2025-05-05,2025-05-12,2025-07-28,632,12,PatchTST,iTransformer,5.450153054704257,4.494662761688232,6.625701487064362,0.05441664154941068
Multivariate+Exogenous,exogenous,WTI Oil,Com_CrudeOil,tscv,21,2025-05-05,2025-05-12,2025-07-28,632,12,PatchTST,XGBoost,6.388853988920708,5.063869476318359,7.92684331536293,0.06378903013128058
Multivariate+Exogenous,exogenous,WTI Oil,Com_CrudeOil,tscv,21,2025-05-05,2025-05-12,2025-07-28,632,12,PatchTST,LightGBM,5.371625506347621,4.260684490203857,6.663903594017029,0.05363258917367258
Multivariate+Exogenous,exogenous,WTI Oil,Com_CrudeOil,tscv,22,2025-06-02,2025-06-09,2025-08-25,636,12,PatchTST,-,3.545176498474296,2.6121270656585693,3.823361173272133,0.03539654699795195
Multivariate+Exogenous,exogenous,WTI Oil,Com_CrudeOil,tscv,22,2025-06-02,2025-06-09,2025-08-25,636,12,PatchTST,NLinear,3.9550900607458788,3.0868730545043945,4.560507461428642,0.039489298001544666
Multivariate+Exogenous,exogenous,WTI Oil,Com_CrudeOil,tscv,22,2025-06-02,2025-06-09,2025-08-25,636,12,PatchTST,iTransformer,3.7930130018015937,2.8407886028289795,4.1661325842142105,0.03787105184745892
Multivariate+Exogenous,exogenous,WTI Oil,Com_CrudeOil,tscv,22,2025-06-02,2025-06-09,2025-08-25,636,12,PatchTST,XGBoost,3.1507758078325954,2.5707204341888428,3.81147563457489,0.03145868308953112
Multivariate+Exogenous,exogenous,WTI Oil,Com_CrudeOil,tscv,22,2025-06-02,2025-06-09,2025-08-25,636,12,PatchTST,LightGBM,4.196661648756143,3.479656219482422,5.187199637293816,0.04190125127722928
Multivariate+Exogenous,exogenous,WTI Oil,Com_CrudeOil,tscv,23,2025-06-30,2025-07-07,2025-09-22,640,12,PatchTST,-,3.9653281531369564,3.0100975036621094,4.577824845910072,0.0395915194617868
Multivariate+Exogenous,exogenous,WTI Oil,Com_CrudeOil,tscv,23,2025-06-30,2025-07-07,2025-09-22,640,12,PatchTST,NLinear,6.653500557723795,6.323832035064697,9.760870784521103,0.06643137380994274
Multivariate+Exogenous,exogenous,WTI Oil,Com_CrudeOil,tscv,23,2025-06-30,2025-07-07,2025-09-22,640,12,PatchTST,iTransformer,6.91708173617119,6.488979339599609,9.97011587023735,0.06906308017906257
Multivariate+Exogenous,exogenous,WTI Oil,Com_CrudeOil,tscv,23,2025-06-30,2025-07-07,2025-09-22,640,12,PatchTST,XGBoost,3.6460951938139954,2.9958178997039795,4.652844741940498,0.036404162089640896
Multivariate+Exogenous,exogenous,WTI Oil,Com_CrudeOil,tscv,23,2025-06-30,2025-07-07,2025-09-22,640,12,PatchTST,LightGBM,3.627725431665984,3.168860673904419,4.917176440358162,0.0362207505868587
Multivariate+Exogenous,exogenous,WTI Oil,Com_CrudeOil,tscv,24,2025-07-28,2025-08-04,2025-10-20,644,12,PatchTST,-,6.8232446334482875,5.885850429534912,9.536736458539963,0.06812617071401554
Multivariate+Exogenous,exogenous,WTI Oil,Com_CrudeOil,tscv,24,2025-07-28,2025-08-04,2025-10-20,644,12,PatchTST,NLinear,12.404362532547458,11.857040405273438,19.08412128686905,0.12385042086110788
Multivariate+Exogenous,exogenous,WTI Oil,Com_CrudeOil,tscv,24,2025-07-28,2025-08-04,2025-10-20,644,12,PatchTST,iTransformer,10.87074670158852,10.145450592041016,16.391752660274506,0.10853814942393031
Multivariate+Exogenous,exogenous,WTI Oil,Com_CrudeOil,tscv,24,2025-07-28,2025-08-04,2025-10-20,644,12,PatchTST,XGBoost,13.856567236022284,13.287482261657715,21.424852311611176,0.13834984904453274
Multivariate+Exogenous,exogenous,WTI Oil,Com_CrudeOil,tscv,24,2025-07-28,2025-08-04,2025-10-20,644,12,PatchTST,LightGBM,12.903483761700812,12.290326118469238,19.823455810546875,0.1288338590772321
Multivariate+Exogenous,exogenous,WTI Oil,Com_CrudeOil,holdout,1,2025-10-20,2025-10-27,2026-01-12,656,12,PatchTST,-,9.441853106667708,8.983224868774414,15.213565528392792,0.09427146924328098
Multivariate+Exogenous,exogenous,WTI Oil,Com_CrudeOil,holdout,1,2025-10-20,2025-10-27,2026-01-12,656,12,PatchTST,NLinear,5.332789373473422,3.7630913257598877,6.442075222730637,0.053244832738106714
Multivariate+Exogenous,exogenous,WTI Oil,Com_CrudeOil,holdout,1,2025-10-20,2025-10-27,2026-01-12,656,12,PatchTST,iTransformer,4.461788490483774,3.7186498641967773,6.328451633453369,0.04454839020463372
Multivariate+Exogenous,exogenous,WTI Oil,Com_CrudeOil,holdout,1,2025-10-20,2025-10-27,2026-01-12,656,12,PatchTST,XGBoost,6.562123605742353,6.189306259155273,10.498344153165817,0.06551902753416981
Multivariate+Exogenous,exogenous,WTI Oil,Com_CrudeOil,holdout,1,2025-10-20,2025-10-27,2026-01-12,656,12,PatchTST,LightGBM,6.265129697633867,5.875762939453125,9.97026190161705,0.06255371428926039
Multivariate+Exogenous,exogenous,Brent Oil,Com_BrentCrudeOil,tscv,1,2023-10-23,2023-10-30,2024-01-15,552,12,PatchTST,-,11.003127607124798,10.59679889678955,13.395129144191742,0.11290354069951576
Multivariate+Exogenous,exogenous,Brent Oil,Com_BrentCrudeOil,tscv,1,2023-10-23,2023-10-30,2024-01-15,552,12,PatchTST,NLinear,6.622964798315522,5.461094379425049,6.798338145017624,0.0679585116484413
Multivariate+Exogenous,exogenous,Brent Oil,Com_BrentCrudeOil,tscv,1,2023-10-23,2023-10-30,2024-01-15,552,12,PatchTST,iTransformer,9.42538219860838,8.856660842895508,11.197856068611145,0.09671423077743851
Multivariate+Exogenous,exogenous,Brent Oil,Com_BrentCrudeOil,tscv,1,2023-10-23,2023-10-30,2024-01-15,552,12,PatchTST,XGBoost,14.592321158472089,14.269688606262207,18.047331273555756,0.1497324019717035
Multivariate+Exogenous,exogenous,Brent Oil,Com_BrentCrudeOil,tscv,1,2023-10-23,2023-10-30,2024-01-15,552,12,PatchTST,LightGBM,14.24083964069096,13.929280281066895,17.602920532226562,0.14612583579662494
Multivariate+Exogenous,exogenous,Brent Oil,Com_BrentCrudeOil,tscv,2,2023-11-20,2023-11-27,2024-02-12,556,12,PatchTST,-,14.157907687849086,13.72509765625,17.3683762550354,0.14527486764944925
Multivariate+Exogenous,exogenous,Brent Oil,Com_BrentCrudeOil,tscv,2,2023-11-20,2023-11-27,2024-02-12,556,12,PatchTST,NLinear,6.738362771245999,5.986755847930908,7.6871804893016815,0.06914261495057526
Multivariate+Exogenous,exogenous,Brent Oil,Com_BrentCrudeOil,tscv,2,2023-11-20,2023-11-27,2024-02-12,556,12,PatchTST,iTransformer,13.739922732117904,13.2997407913208,16.829729080200195,0.14098590698788038
Multivariate+Exogenous,exogenous,Brent Oil,Com_BrentCrudeOil,tscv,2,2023-11-20,2023-11-27,2024-02-12,556,12,PatchTST,XGBoost,9.285808227399226,8.607989311218262,10.863429307937622,0.09528205657191519
Multivariate+Exogenous,exogenous,Brent Oil,Com_BrentCrudeOil,tscv,2,2023-11-20,2023-11-27,2024-02-12,556,12,PatchTST,LightGBM,12.225855485748163,11.39413833618164,14.385184645652771,0.12545000128215905
Multivariate+Exogenous,exogenous,Brent Oil,Com_BrentCrudeOil,tscv,3,2023-12-18,2023-12-25,2024-03-11,560,12,PatchTST,-,10.220740261553496,9.853285789489746,12.28000745177269,0.10487543226820965
Multivariate+Exogenous,exogenous,Brent Oil,Com_BrentCrudeOil,tscv,3,2023-12-18,2023-12-25,2024-03-11,560,12,PatchTST,NLinear,13.84578453940833,13.611671447753906,16.99681729078293,0.14207215930583036
Multivariate+Exogenous,exogenous,Brent Oil,Com_BrentCrudeOil,tscv,3,2023-12-18,2023-12-25,2024-03-11,560,12,PatchTST,iTransformer,6.1360193894538755,5.5142974853515625,6.86979815363884,0.06296194496750472
Multivariate+Exogenous,exogenous,Brent Oil,Com_BrentCrudeOil,tscv,3,2023-12-18,2023-12-25,2024-03-11,560,12,PatchTST,XGBoost,4.121942716538265,3.7612698078155518,4.6901460736989975,0.042295422163095175
Multivariate+Exogenous,exogenous,Brent Oil,Com_BrentCrudeOil,tscv,3,2023-12-18,2023-12-25,2024-03-11,560,12,PatchTST,LightGBM,4.73089471689951,3.4182205200195312,4.209163412451744,0.04854390345057185
Multivariate+Exogenous,exogenous,Brent Oil,Com_BrentCrudeOil,tscv,4,2024-01-15,2024-01-22,2024-04-08,564,12,PatchTST,-,12.607001136714981,11.880938529968262,14.090745151042938,0.1293609523365221
Multivariate+Exogenous,exogenous,Brent Oil,Com_BrentCrudeOil,tscv,4,2024-01-15,2024-01-22,2024-04-08,564,12,PatchTST,NLinear,7.612591010991906,6.8498311042785645,8.361995965242386,0.07811310653906735
Multivariate+Exogenous,exogenous,Brent Oil,Com_BrentCrudeOil,tscv,4,2024-01-15,2024-01-22,2024-04-08,564,12,PatchTST,iTransformer,10.340121551920756,9.438798904418945,11.156067997217178,0.10610040855286283
Multivariate+Exogenous,exogenous,Brent Oil,Com_BrentCrudeOil,tscv,4,2024-01-15,2024-01-22,2024-04-08,564,12,PatchTST,XGBoost,9.784227204523926,8.587223052978516,10.0999154150486,0.1003963540042899
Multivariate+Exogenous,exogenous,Brent Oil,Com_BrentCrudeOil,tscv,4,2024-01-15,2024-01-22,2024-04-08,564,12,PatchTST,LightGBM,9.857020754482404,8.548471450805664,10.052887350320816,0.1011432915863895
Multivariate+Exogenous,exogenous,Brent Oil,Com_BrentCrudeOil,tscv,5,2024-02-12,2024-02-19,2024-05-06,568,12,PatchTST,-,22.142034320222038,21.735816955566406,25.348451733589172,0.22720031633773904
Multivariate+Exogenous,exogenous,Brent Oil,Com_BrentCrudeOil,tscv,5,2024-02-12,2024-02-19,2024-05-06,568,12,PatchTST,NLinear,12.202531670715086,11.227229118347168,12.996001541614532,0.125210674665775
Multivariate+Exogenous,exogenous,Brent Oil,Com_BrentCrudeOil,tscv,5,2024-02-12,2024-02-19,2024-05-06,568,12,PatchTST,iTransformer,21.37313602641212,20.999887466430664,24.49214607477188,0.21931061961616835
Multivariate+Exogenous,exogenous,Brent Oil,Com_BrentCrudeOil,tscv,5,2024-02-12,2024-02-19,2024-05-06,568,12,PatchTST,XGBoost,13.456248276387488,12.621317863464355,14.64649885892868,0.13807511183930524
Multivariate+Exogenous,exogenous,Brent Oil,Com_BrentCrudeOil,tscv,5,2024-02-12,2024-02-19,2024-05-06,568,12,PatchTST,LightGBM,15.897708540567105,15.265910148620605,17.74844378232956,0.1631270350874337
Multivariate+Exogenous,exogenous,Brent Oil,Com_BrentCrudeOil,tscv,6,2024-03-11,2024-03-18,2024-06-03,572,12,PatchTST,-,3.944870967519523,3.0518741607666016,3.6502979695796967,0.040478481731619435
Multivariate+Exogenous,exogenous,Brent Oil,Com_BrentCrudeOil,tscv,6,2024-03-11,2024-03-18,2024-06-03,572,12,PatchTST,NLinear,9.285511618278424,8.218589782714844,9.687387943267822,0.09527901305364128
Multivariate+Exogenous,exogenous,Brent Oil,Com_BrentCrudeOil,tscv,6,2024-03-11,2024-03-18,2024-06-03,572,12,PatchTST,iTransformer,4.546850460025595,3.223714828491211,3.869488835334778,0.04665541783189911
Multivariate+Exogenous,exogenous,Brent Oil,Com_BrentCrudeOil,tscv,6,2024-03-11,2024-03-18,2024-06-03,572,12,PatchTST,XGBoost,4.005127719552369,3.487889051437378,4.094070568680763,0.04109677871939187
Multivariate+Exogenous,exogenous,Brent Oil,Com_BrentCrudeOil,tscv,6,2024-03-11,2024-03-18,2024-06-03,572,12,PatchTST,LightGBM,4.276126887052675,3.726334810256958,4.4066742062568665,0.043877512218982805
Multivariate+Exogenous,exogenous,Brent Oil,Com_BrentCrudeOil,tscv,7,2024-04-08,2024-04-15,2024-07-01,576,12,PatchTST,-,10.89422241517264,10.623797416687012,12.572281062602997,0.11178606008754892
Multivariate+Exogenous,exogenous,Brent Oil,Com_BrentCrudeOil,tscv,7,2024-04-08,2024-04-15,2024-07-01,576,12,PatchTST,NLinear,2.358891216471985,1.8979231119155884,2.28450670838356,0.024204678885321802
Multivariate+Exogenous,exogenous,Brent Oil,Com_BrentCrudeOil,tscv,7,2024-04-08,2024-04-15,2024-07-01,576,12,PatchTST,iTransformer,7.680264921784849,7.2569098472595215,8.568036556243896,0.07880751129508952
Multivariate+Exogenous,exogenous,Brent Oil,Com_BrentCrudeOil,tscv,7,2024-04-08,2024-04-15,2024-07-01,576,12,PatchTST,XGBoost,8.37428440054381,8.019108772277832,9.476188570261002,0.08592887344448248
Multivariate+Exogenous,exogenous,Brent Oil,Com_BrentCrudeOil,tscv,7,2024-04-08,2024-04-15,2024-07-01,576,12,PatchTST,LightGBM,7.104416411215302,6.682345867156982,7.885776460170746,0.07289870626516828
Multivariate+Exogenous,exogenous,Brent Oil,Com_BrentCrudeOil,tscv,8,2024-05-06,2024-05-13,2024-07-29,580,12,PatchTST,-,6.033677951531946,5.446864604949951,6.4996130764484406,0.061911815303082436
Multivariate+Exogenous,exogenous,Brent Oil,Com_BrentCrudeOil,tscv,8,2024-05-06,2024-05-13,2024-07-29,580,12,PatchTST,NLinear,11.5726906897145,11.113086700439453,13.499490916728973,0.11874785069683584
Multivariate+Exogenous,exogenous,Brent Oil,Com_BrentCrudeOil,tscv,8,2024-05-06,2024-05-13,2024-07-29,580,12,PatchTST,iTransformer,7.469686664919106,6.829278945922852,8.32674354314804,0.0766467592213719
Multivariate+Exogenous,exogenous,Brent Oil,Com_BrentCrudeOil,tscv,8,2024-05-06,2024-05-13,2024-07-29,580,12,PatchTST,XGBoost,3.6958465512858965,3.2034385204315186,3.9025012403726578,0.03792323205013789
Multivariate+Exogenous,exogenous,Brent Oil,Com_BrentCrudeOil,tscv,8,2024-05-06,2024-05-13,2024-07-29,580,12,PatchTST,LightGBM,4.521713007178486,3.4588725566864014,4.256874695420265,0.04639748140400856
Multivariate+Exogenous,exogenous,Brent Oil,Com_BrentCrudeOil,tscv,9,2024-06-03,2024-06-10,2024-08-26,584,12,PatchTST,-,9.349632019308801,8.828861236572266,10.658320784568787,0.09593695510120191
Multivariate+Exogenous,exogenous,Brent Oil,Com_BrentCrudeOil,tscv,9,2024-06-03,2024-06-10,2024-08-26,584,12,PatchTST,NLinear,25.98341192592882,25.107824325561523,30.949950218200684,0.2666168484669574
Multivariate+Exogenous,exogenous,Brent Oil,Com_BrentCrudeOil,tscv,9,2024-06-03,2024-06-10,2024-08-26,584,12,PatchTST,iTransformer,3.819083735840295,3.1743552684783936,3.7948045879602432,0.03918777382215385
Multivariate+Exogenous,exogenous,Brent Oil,Com_BrentCrudeOil,tscv,9,2024-06-03,2024-06-10,2024-08-26,584,12,PatchTST,XGBoost,6.197920222775591,5.603365421295166,6.943431496620178,0.0635971119403704
Multivariate+Exogenous,exogenous,Brent Oil,Com_BrentCrudeOil,tscv,9,2024-06-03,2024-06-10,2024-08-26,584,12,PatchTST,LightGBM,6.31231568322339,5.311580657958984,6.632538884878159,0.06477092842107218
Multivariate+Exogenous,exogenous,Brent Oil,Com_BrentCrudeOil,tscv,10,2024-07-01,2024-07-08,2024-09-23,588,12,PatchTST,-,6.9039719911186195,6.034965991973877,7.578276842832565,0.07084193790344151
Multivariate+Exogenous,exogenous,Brent Oil,Com_BrentCrudeOil,tscv,10,2024-07-01,2024-07-08,2024-09-23,588,12,PatchTST,NLinear,19.16558242163663,18.120237350463867,23.73424917459488,0.19665882213072042
Multivariate+Exogenous,exogenous,Brent Oil,Com_BrentCrudeOil,tscv,10,2024-07-01,2024-07-08,2024-09-23,588,12,PatchTST,iTransformer,4.92100977483072,3.76135516166687,5.010177567601204,0.0504946818062485
Multivariate+Exogenous,exogenous,Brent Oil,Com_BrentCrudeOil,tscv,10,2024-07-01,2024-07-08,2024-09-23,588,12,PatchTST,XGBoost,9.685368654150283,8.791793823242188,11.317401379346848,0.09938196239091095
Multivariate+Exogenous,exogenous,Brent Oil,Com_BrentCrudeOil,tscv,10,2024-07-01,2024-07-08,2024-09-23,588,12,PatchTST,LightGBM,6.920986557683856,6.094470500946045,7.8045763075351715,0.0710165250642265
Multivariate+Exogenous,exogenous,Brent Oil,Com_BrentCrudeOil,tscv,11,2024-07-29,2024-08-05,2024-10-21,592,12,PatchTST,-,3.322040565936623,2.5927035808563232,3.4170806407928467,0.03408759360373142
Multivariate+Exogenous,exogenous,Brent Oil,Com_BrentCrudeOil,tscv,11,2024-07-29,2024-08-05,2024-10-21,592,12,PatchTST,NLinear,5.3925346198670665,4.1635260581970215,5.614210292696953,0.05533301745346228
Multivariate+Exogenous,exogenous,Brent Oil,Com_BrentCrudeOil,tscv,11,2024-07-29,2024-08-05,2024-10-21,592,12,PatchTST,iTransformer,4.121582696483257,3.3138020038604736,4.432240501046181,0.042291727982641705
Multivariate+Exogenous,exogenous,Brent Oil,Com_BrentCrudeOil,tscv,11,2024-07-29,2024-08-05,2024-10-21,592,12,PatchTST,XGBoost,5.070605723597015,4.526278972625732,6.047911569476128,0.05202969193183146
Multivariate+Exogenous,exogenous,Brent Oil,Com_BrentCrudeOil,tscv,11,2024-07-29,2024-08-05,2024-10-21,592,12,PatchTST,LightGBM,5.092672222298381,4.361213684082031,5.786579847335815,0.05225611717410642
Multivariate+Exogenous,exogenous,Brent Oil,Com_BrentCrudeOil,tscv,12,2024-08-26,2024-09-02,2024-11-18,596,12,PatchTST,-,4.801444495923755,4.092641353607178,5.469653010368347,0.04926781760769278
Multivariate+Exogenous,exogenous,Brent Oil,Com_BrentCrudeOil,tscv,12,2024-08-26,2024-09-02,2024-11-18,596,12,PatchTST,NLinear,3.8667647930278366,3.1136257648468018,4.251279309391975,0.039677031092721506
Multivariate+Exogenous,exogenous,Brent Oil,Com_BrentCrudeOil,tscv,12,2024-08-26,2024-09-02,2024-11-18,596,12,PatchTST,iTransformer,3.491219132420452,2.8815231323242188,3.924660384654999,0.03582354176760843
Multivariate+Exogenous,exogenous,Brent Oil,Com_BrentCrudeOil,tscv,12,2024-08-26,2024-09-02,2024-11-18,596,12,PatchTST,XGBoost,4.052012595741751,3.3864688873291016,4.623034596443176,0.041577866344297
Multivariate+Exogenous,exogenous,Brent Oil,Com_BrentCrudeOil,tscv,12,2024-08-26,2024-09-02,2024-11-18,596,12,PatchTST,LightGBM,3.707576988897341,3.171396255493164,4.2891725897789,0.038043598548426
Multivariate+Exogenous,exogenous,Brent Oil,Com_BrentCrudeOil,tscv,13,2024-09-23,2024-09-30,2024-12-16,600,12,PatchTST,-,4.382954586670215,3.9252898693084717,5.361209809780121,0.04497367559745663
Multivariate+Exogenous,exogenous,Brent Oil,Com_BrentCrudeOil,tscv,13,2024-09-23,2024-09-30,2024-12-16,600,12,PatchTST,NLinear,14.966594373589293,14.579387664794922,19.833290576934814,0.153572834681796
Multivariate+Exogenous,exogenous,Brent Oil,Com_BrentCrudeOil,tscv,13,2024-09-23,2024-09-30,2024-12-16,600,12,PatchTST,iTransformer,11.068303024770533,10.725772857666016,14.578458666801453,0.11357230831555325
Multivariate+Exogenous,exogenous,Brent Oil,Com_BrentCrudeOil,tscv,13,2024-09-23,2024-09-30,2024-12-16,600,12,PatchTST,XGBoost,11.455481563920747,11.25537395477295,15.285195410251617,0.11754516308137633
Multivariate+Exogenous,exogenous,Brent Oil,Com_BrentCrudeOil,tscv,13,2024-09-23,2024-09-30,2024-12-16,600,12,PatchTST,LightGBM,9.445379946383468,9.217096328735352,12.530826032161713,0.09691942848216761
Multivariate+Exogenous,exogenous,Brent Oil,Com_BrentCrudeOil,tscv,14,2024-10-21,2024-10-28,2025-01-13,604,12,PatchTST,-,3.966350641136921,2.9471423625946045,3.896505758166313,0.04069888553779759
Multivariate+Exogenous,exogenous,Brent Oil,Com_BrentCrudeOil,tscv,14,2024-10-21,2024-10-28,2025-01-13,604,12,PatchTST,NLinear,8.665746884567008,8.13655948638916,11.040657758712769,0.08891958186869332
Multivariate+Exogenous,exogenous,Brent Oil,Com_BrentCrudeOil,tscv,14,2024-10-21,2024-10-28,2025-01-13,604,12,PatchTST,iTransformer,8.306123281047599,7.399327754974365,10.118091851472855,0.08522946942010472
Multivariate+Exogenous,exogenous,Brent Oil,Com_BrentCrudeOil,tscv,14,2024-10-21,2024-10-28,2025-01-13,604,12,PatchTST,XGBoost,6.986025348572566,6.274055480957031,8.555208891630173,0.07168389074754329
Multivariate+Exogenous,exogenous,Brent Oil,Com_BrentCrudeOil,tscv,14,2024-10-21,2024-10-28,2025-01-13,604,12,PatchTST,LightGBM,7.536789499075129,6.838537216186523,9.319896250963211,0.07733530413675412
Multivariate+Exogenous,exogenous,Brent Oil,Com_BrentCrudeOil,tscv,15,2024-11-18,2024-11-25,2025-02-10,608,12,PatchTST,-,14.051086405499209,13.40169620513916,17.655444145202637,0.14417877011882038
Multivariate+Exogenous,exogenous,Brent Oil,Com_BrentCrudeOil,tscv,15,2024-11-18,2024-11-25,2025-02-10,608,12,PatchTST,NLinear,6.940756643421747,6.151973724365234,8.248186111450195,0.07121938671951582
Multivariate+Exogenous,exogenous,Brent Oil,Com_BrentCrudeOil,tscv,15,2024-11-18,2024-11-25,2025-02-10,608,12,PatchTST,iTransformer,7.046258125456138,5.8281779289245605,7.821447402238846,0.07230194172533216
Multivariate+Exogenous,exogenous,Brent Oil,Com_BrentCrudeOil,tscv,15,2024-11-18,2024-11-25,2025-02-10,608,12,PatchTST,XGBoost,4.450880267913501,3.7505710124969482,4.98928464949131,0.04567066378032818
Multivariate+Exogenous,exogenous,Brent Oil,Com_BrentCrudeOil,tscv,15,2024-11-18,2024-11-25,2025-02-10,608,12,PatchTST,LightGBM,4.3680301187755415,3.6867573261260986,4.900342226028442,0.04482053502429143
Multivariate+Exogenous,exogenous,Brent Oil,Com_BrentCrudeOil,tscv,16,2024-12-16,2024-12-23,2025-03-10,612,12,PatchTST,-,10.944340425137945,10.4459228515625,13.757194578647614,0.11230032302986293
Multivariate+Exogenous,exogenous,Brent Oil,Com_BrentCrudeOil,tscv,16,2024-12-16,2024-12-23,2025-03-10,612,12,PatchTST,NLinear,23.881059287137607,23.73078727722168,31.527656316757202,0.24504452237989105
Multivariate+Exogenous,exogenous,Brent Oil,Com_BrentCrudeOil,tscv,16,2024-12-16,2024-12-23,2025-03-10,612,12,PatchTST,iTransformer,9.553900148977936,8.912873268127441,11.710216850042343,0.09803295870264879
Multivariate+Exogenous,exogenous,Brent Oil,Com_BrentCrudeOil,tscv,16,2024-12-16,2024-12-23,2025-03-10,612,12,PatchTST,XGBoost,15.80346518073647,14.577186584472656,19.473612308502197,0.16216000013226267
Multivariate+Exogenous,exogenous,Brent Oil,Com_BrentCrudeOil,tscv,16,2024-12-16,2024-12-23,2025-03-10,612,12,PatchTST,LightGBM,10.225083374578901,9.701122283935547,12.800730764865875,0.10491999712792362
Multivariate+Exogenous,exogenous,Brent Oil,Com_BrentCrudeOil,tscv,17,2025-01-13,2025-01-20,2025-04-07,616,12,PatchTST,-,6.020283745450245,5.394105434417725,7.325439155101776,0.06177437680873072
Multivariate+Exogenous,exogenous,Brent Oil,Com_BrentCrudeOil,tscv,17,2025-01-13,2025-01-20,2025-04-07,616,12,PatchTST,NLinear,13.442530058730863,12.366520881652832,17.367100715637207,0.13793434864898138
Multivariate+Exogenous,exogenous,Brent Oil,Com_BrentCrudeOil,tscv,17,2025-01-13,2025-01-20,2025-04-07,616,12,PatchTST,iTransformer,4.339399835250928,3.5278587341308594,4.972860217094421,0.044526758518503504
Multivariate+Exogenous,exogenous,Brent Oil,Com_BrentCrudeOil,tscv,17,2025-01-13,2025-01-20,2025-04-07,616,12,PatchTST,XGBoost,5.768443837415766,4.26385498046875,6.10380731523037,0.05919023725116332
Multivariate+Exogenous,exogenous,Brent Oil,Com_BrentCrudeOil,tscv,17,2025-01-13,2025-01-20,2025-04-07,616,12,PatchTST,LightGBM,6.019883271159721,4.426829814910889,6.352848559617996,0.06177026752571832
Multivariate+Exogenous,exogenous,Brent Oil,Com_BrentCrudeOil,tscv,18,2025-02-10,2025-02-17,2025-05-05,620,12,PatchTST,-,10.460350014426687,10.051920890808105,14.470525085926056,0.10733407770534899
Multivariate+Exogenous,exogenous,Brent Oil,Com_BrentCrudeOil,tscv,18,2025-02-10,2025-02-17,2025-05-05,620,12,PatchTST,NLinear,3.6466827420351677,3.128791093826294,4.551373049616814,0.03741876020023508
Multivariate+Exogenous,exogenous,Brent Oil,Com_BrentCrudeOil,tscv,18,2025-02-10,2025-02-17,2025-05-05,620,12,PatchTST,iTransformer,5.177249754821927,4.414090633392334,6.269405782222748,0.05312397068144496
Multivariate+Exogenous,exogenous,Brent Oil,Com_BrentCrudeOil,tscv,18,2025-02-10,2025-02-17,2025-05-05,620,12,PatchTST,XGBoost,3.4978907905486385,2.7285215854644775,3.9080142974853516,0.03589199992349869
Multivariate+Exogenous,exogenous,Brent Oil,Com_BrentCrudeOil,tscv,18,2025-02-10,2025-02-17,2025-05-05,620,12,PatchTST,LightGBM,3.536030192388687,2.7520227432250977,3.9130136370658875,0.03628334987977065
Multivariate+Exogenous,exogenous,Brent Oil,Com_BrentCrudeOil,tscv,19,2025-03-10,2025-03-17,2025-06-02,624,12,PatchTST,-,3.8243069039491666,3.0805206298828125,4.680910706520081,0.03924136896293714
Multivariate+Exogenous,exogenous,Brent Oil,Com_BrentCrudeOil,tscv,19,2025-03-10,2025-03-17,2025-06-02,624,12,PatchTST,NLinear,9.842299000201884,8.95975112915039,13.78394365310669,0.10099223106587871
Multivariate+Exogenous,exogenous,Brent Oil,Com_BrentCrudeOil,tscv,19,2025-03-10,2025-03-17,2025-06-02,624,12,PatchTST,iTransformer,6.962245214652747,5.941376209259033,9.086764603853226,0.07143988182446967
Multivariate+Exogenous,exogenous,Brent Oil,Com_BrentCrudeOil,tscv,19,2025-03-10,2025-03-17,2025-06-02,624,12,PatchTST,XGBoost,8.370624822814388,7.657532215118408,11.749866604804993,0.08589132236829125
Multivariate+Exogenous,exogenous,Brent Oil,Com_BrentCrudeOil,tscv,19,2025-03-10,2025-03-17,2025-06-02,624,12,PatchTST,LightGBM,8.068166235055173,7.275991916656494,11.184877902269363,0.08278778247560852
Multivariate+Exogenous,exogenous,Brent Oil,Com_BrentCrudeOil,tscv,20,2025-04-07,2025-04-14,2025-06-30,628,12,PatchTST,-,5.634829769728051,4.901671886444092,7.303363084793091,0.05781921785850996
Multivariate+Exogenous,exogenous,Brent Oil,Com_BrentCrudeOil,tscv,20,2025-04-07,2025-04-14,2025-06-30,628,12,PatchTST,NLinear,7.4983060831237704,6.799166202545166,10.339275002479553,0.07694042423766914
Multivariate+Exogenous,exogenous,Brent Oil,Com_BrentCrudeOil,tscv,20,2025-04-07,2025-04-14,2025-06-30,628,12,PatchTST,iTransformer,7.63423947726558,7.234188079833984,10.970353335142136,0.078335242333569
Multivariate+Exogenous,exogenous,Brent Oil,Com_BrentCrudeOil,tscv,20,2025-04-07,2025-04-14,2025-06-30,628,12,PatchTST,XGBoost,16.250490151862536,15.33372974395752,23.455673456192017,0.16674694157503486
Multivariate+Exogenous,exogenous,Brent Oil,Com_BrentCrudeOil,tscv,20,2025-04-07,2025-04-14,2025-06-30,628,12,PatchTST,LightGBM,15.306633023835358,14.328038215637207,21.942521631717682,0.15706198512685723
Multivariate+Exogenous,exogenous,Brent Oil,Com_BrentCrudeOil,tscv,21,2025-05-05,2025-05-12,2025-07-28,632,12,PatchTST,-,8.771325853402239,7.376293182373047,10.517090559005737,0.09000293196973029
Multivariate+Exogenous,exogenous,Brent Oil,Com_BrentCrudeOil,tscv,21,2025-05-05,2025-05-12,2025-07-28,632,12,PatchTST,NLinear,8.432024952513167,7.387389659881592,11.005929857492447,0.0865213516008808
Multivariate+Exogenous,exogenous,Brent Oil,Com_BrentCrudeOil,tscv,21,2025-05-05,2025-05-12,2025-07-28,632,12,PatchTST,iTransformer,5.415733706995111,4.567692756652832,6.564561277627945,0.055571064231730735
Multivariate+Exogenous,exogenous,Brent Oil,Com_BrentCrudeOil,tscv,21,2025-05-05,2025-05-12,2025-07-28,632,12,PatchTST,XGBoost,6.437688435879833,5.360586166381836,7.9711176455020905,0.06605738334439702
Multivariate+Exogenous,exogenous,Brent Oil,Com_BrentCrudeOil,tscv,21,2025-05-05,2025-05-12,2025-07-28,632,12,PatchTST,LightGBM,5.505930564179272,4.604652404785156,6.790808588266373,0.05649657785837143
Multivariate+Exogenous,exogenous,Brent Oil,Com_BrentCrudeOil,tscv,22,2025-06-02,2025-06-09,2025-08-25,636,12,PatchTST,-,6.951335136552118,5.069121837615967,7.11083859205246,0.07132793306854761
Multivariate+Exogenous,exogenous,Brent Oil,Com_BrentCrudeOil,tscv,22,2025-06-02,2025-06-09,2025-08-25,636,12,PatchTST,NLinear,3.99999380111214,2.764003038406372,3.875621035695076,0.04104409937309501
Multivariate+Exogenous,exogenous,Brent Oil,Com_BrentCrudeOil,tscv,22,2025-06-02,2025-06-09,2025-08-25,636,12,PatchTST,iTransformer,4.5768547509191,2.963412046432495,4.134178906679153,0.046963293083283224
Multivariate+Exogenous,exogenous,Brent Oil,Com_BrentCrudeOil,tscv,22,2025-06-02,2025-06-09,2025-08-25,636,12,PatchTST,XGBoost,9.93111612891109,9.10986614227295,13.335441052913666,0.1019035872424208
Multivariate+Exogenous,exogenous,Brent Oil,Com_BrentCrudeOil,tscv,22,2025-06-02,2025-06-09,2025-08-25,636,12,PatchTST,LightGBM,8.141914485204017,7.473333358764648,10.923626273870468,0.08354451627526076
Multivariate+Exogenous,exogenous,Brent Oil,Com_BrentCrudeOil,tscv,23,2025-06-30,2025-07-07,2025-09-22,640,12,PatchTST,-,5.866468687762848,5.0703816413879395,7.477796822786331,0.06019607423460059
Multivariate+Exogenous,exogenous,Brent Oil,Com_BrentCrudeOil,tscv,23,2025-06-30,2025-07-07,2025-09-22,640,12,PatchTST,NLinear,7.718685505091762,6.8350043296813965,10.067344456911087,0.07920174646584974
Multivariate+Exogenous,exogenous,Brent Oil,Com_BrentCrudeOil,tscv,23,2025-06-30,2025-07-07,2025-09-22,640,12,PatchTST,iTransformer,9.50528569995626,8.901054382324219,13.110092282295227,0.09753412386044
Multivariate+Exogenous,exogenous,Brent Oil,Com_BrentCrudeOil,tscv,23,2025-06-30,2025-07-07,2025-09-22,640,12,PatchTST,XGBoost,10.864023215514871,10.344078063964844,15.233661234378815,0.11147618486939313
Multivariate+Exogenous,exogenous,Brent Oil,Com_BrentCrudeOil,tscv,23,2025-06-30,2025-07-07,2025-09-22,640,12,PatchTST,LightGBM,13.359728499526279,12.936945915222168,19.048768281936646,0.13708471847623077
Multivariate+Exogenous,exogenous,Brent Oil,Com_BrentCrudeOil,tscv,24,2025-07-28,2025-08-04,2025-10-20,644,12,PatchTST,-,12.280810166265244,11.856868743896484,17.917829751968384,0.12601389349807515
Multivariate+Exogenous,exogenous,Brent Oil,Com_BrentCrudeOil,tscv,24,2025-07-28,2025-08-04,2025-10-20,644,12,PatchTST,NLinear,14.018300221099103,13.687132835388184,20.685406029224396,0.14384234974481672
Multivariate+Exogenous,exogenous,Brent Oil,Com_BrentCrudeOil,tscv,24,2025-07-28,2025-08-04,2025-10-20,644,12,PatchTST,iTransformer,12.053323526406588,11.648566246032715,17.596113681793213,0.12367964381753463
Multivariate+Exogenous,exogenous,Brent Oil,Com_BrentCrudeOil,tscv,24,2025-07-28,2025-08-04,2025-10-20,644,12,PatchTST,XGBoost,9.442861486680858,8.72167682647705,13.16332072019577,0.0968935864645444
Multivariate+Exogenous,exogenous,Brent Oil,Com_BrentCrudeOil,tscv,24,2025-07-28,2025-08-04,2025-10-20,644,12,PatchTST,LightGBM,10.5158876383435,9.944591522216797,15.016509592533112,0.10790395152724178
Multivariate+Exogenous,exogenous,Brent Oil,Com_BrentCrudeOil,holdout,1,2025-10-20,2025-10-27,2026-01-12,656,12,PatchTST,-,3.6309406667456363,2.8847062587738037,4.668718948960304,0.03725723012427781
Multivariate+Exogenous,exogenous,Brent Oil,Com_BrentCrudeOil,holdout,1,2025-10-20,2025-10-27,2026-01-12,656,12,PatchTST,NLinear,5.993570061330569,5.381022930145264,8.655353635549545,0.06150026660752876
Multivariate+Exogenous,exogenous,Brent Oil,Com_BrentCrudeOil,holdout,1,2025-10-20,2025-10-27,2026-01-12,656,12,PatchTST,iTransformer,9.636980403445195,9.329258918762207,14.957083761692047,0.09888544857884513
Multivariate+Exogenous,exogenous,Brent Oil,Com_BrentCrudeOil,holdout,1,2025-10-20,2025-10-27,2026-01-12,656,12,PatchTST,XGBoost,7.4018294263933075,6.768198490142822,10.868462175130844,0.0759504733320132
Multivariate+Exogenous,exogenous,Brent Oil,Com_BrentCrudeOil,holdout,1,2025-10-20,2025-10-27,2026-01-12,656,12,PatchTST,LightGBM,7.877469356844086,7.405928134918213,11.894628405570984,0.08083103403833376
