Target,TargetColumn,EvalSplit,Baseline,ResidualModel,Date,Actual,Prediction
Brent Oil,Com_BrentCrudeOil,holdout,PatchTST,-,2025-10-27,64.5328598022461,75.56888580322266
Brent Oil,Com_BrentCrudeOil,holdout,PatchTST,LightGBM,2025-10-27,64.5328598022461,70.22924041748047
Brent Oil,Com_BrentCrudeOil,holdout,PatchTST,NLinear,2025-10-27,64.5328598022461,75.86787414550781
Brent Oil,Com_BrentCrudeOil,holdout,PatchTST,XGBoost,2025-10-27,64.5328598022461,74.3956527709961
Brent Oil,Com_BrentCrudeOil,holdout,PatchTST,-,2025-11-03,63.94032669067383,75.28933715820312
Brent Oil,Com_BrentCrudeOil,holdout,PatchTST,LightGBM,2025-11-03,63.94032669067383,73.1534194946289
Brent Oil,Com_BrentCrudeOil,holdout,PatchTST,NLinear,2025-11-03,63.94032669067383,77.43299102783203
Brent Oil,Com_BrentCrudeOil,holdout,PatchTST,XGBoost,2025-11-03,63.94032669067383,71.75199127197266
Brent Oil,Com_BrentCrudeOil,holdout,PatchTST,-,2025-11-10,63.92447280883789,75.64823913574219
Brent Oil,Com_BrentCrudeOil,holdout,PatchTST,LightGBM,2025-11-10,63.92447280883789,70.1029281616211
Brent Oil,Com_BrentCrudeOil,holdout,PatchTST,NLinear,2025-11-10,63.92447280883789,75.40738677978516
Brent Oil,Com_BrentCrudeOil,holdout,PatchTST,XGBoost,2025-11-10,63.92447280883789,69.90616607666016
Brent Oil,Com_BrentCrudeOil,holdout,PatchTST,-,2025-11-17,63.38262939453125,75.44261932373047
Brent Oil,Com_BrentCrudeOil,holdout,PatchTST,LightGBM,2025-11-17,63.38262939453125,71.52400207519531
Brent Oil,Com_BrentCrudeOil,holdout,PatchTST,NLinear,2025-11-17,63.38262939453125,74.82042694091797
Brent Oil,Com_BrentCrudeOil,holdout,PatchTST,XGBoost,2025-11-17,63.38262939453125,71.90731811523438
Brent Oil,Com_BrentCrudeOil,holdout,PatchTST,-,2025-11-24,62.65865707397461,75.35897064208984
Brent Oil,Com_BrentCrudeOil,holdout,PatchTST,LightGBM,2025-11-24,62.65865707397461,72.80118560791016
Brent Oil,Com_BrentCrudeOil,holdout,PatchTST,NLinear,2025-11-24,62.65865707397461,76.57202911376953
Brent Oil,Com_BrentCrudeOil,holdout,PatchTST,XGBoost,2025-11-24,62.65865707397461,75.48651885986328
Brent Oil,Com_BrentCrudeOil,holdout,PatchTST,-,2025-12-01,63.27702713012695,75.36048889160156
Brent Oil,Com_BrentCrudeOil,holdout,PatchTST,LightGBM,2025-12-01,63.27702713012695,72.92780303955078
Brent Oil,Com_BrentCrudeOil,holdout,PatchTST,NLinear,2025-12-01,63.27702713012695,76.2040023803711
Brent Oil,Com_BrentCrudeOil,holdout,PatchTST,XGBoost,2025-12-01,63.27702713012695,75.8411636352539
Brent Oil,Com_BrentCrudeOil,holdout,PatchTST,-,2025-12-08,61.66008758544922,74.9215087890625
Brent Oil,Com_BrentCrudeOil,holdout,PatchTST,LightGBM,2025-12-08,61.66008758544922,71.59795379638672
Brent Oil,Com_BrentCrudeOil,holdout,PatchTST,NLinear,2025-12-08,61.66008758544922,76.14200592041016
Brent Oil,Com_BrentCrudeOil,holdout,PatchTST,XGBoost,2025-12-08,61.66008758544922,72.36195373535156
Brent Oil,Com_BrentCrudeOil,holdout,PatchTST,-,2025-12-15,60.13292694091797,75.20926666259766
Brent Oil,Com_BrentCrudeOil,holdout,PatchTST,LightGBM,2025-12-15,60.13292694091797,73.30874633789062
Brent Oil,Com_BrentCrudeOil,holdout,PatchTST,NLinear,2025-12-15,60.13292694091797,74.62796020507812
Brent Oil,Com_BrentCrudeOil,holdout,PatchTST,XGBoost,2025-12-15,60.13292694091797,74.54753112792969
Brent Oil,Com_BrentCrudeOil,holdout,PatchTST,-,2025-12-22,61.52321243286133,75.14615631103516
Brent Oil,Com_BrentCrudeOil,holdout,PatchTST,LightGBM,2025-12-22,61.52321243286133,72.02729034423828
Brent Oil,Com_BrentCrudeOil,holdout,PatchTST,NLinear,2025-12-22,61.52321243286133,76.85415649414062
Brent Oil,Com_BrentCrudeOil,holdout,PatchTST,XGBoost,2025-12-22,61.52321243286133,73.15106201171875
Brent Oil,Com_BrentCrudeOil,holdout,PatchTST,-,2025-12-29,60.96549987792969,74.81817626953125
Brent Oil,Com_BrentCrudeOil,holdout,PatchTST,LightGBM,2025-12-29,60.96549987792969,73.64949798583984
Brent Oil,Com_BrentCrudeOil,holdout,PatchTST,NLinear,2025-12-29,60.96549987792969,74.79027557373047
Brent Oil,Com_BrentCrudeOil,holdout,PatchTST,XGBoost,2025-12-29,60.96549987792969,73.88408660888672
Brent Oil,Com_BrentCrudeOil,holdout,PatchTST,-,2026-01-05,62.07210159301758,74.92865753173828
Brent Oil,Com_BrentCrudeOil,holdout,PatchTST,LightGBM,2026-01-05,62.07210159301758,70.46205139160156
Brent Oil,Com_BrentCrudeOil,holdout,PatchTST,NLinear,2026-01-05,62.07210159301758,75.53836822509766
Brent Oil,Com_BrentCrudeOil,holdout,PatchTST,XGBoost,2026-01-05,62.07210159301758,71.51522064208984
Brent Oil,Com_BrentCrudeOil,holdout,PatchTST,-,2026-01-12,64.25517272949219,74.82967376708984
Brent Oil,Com_BrentCrudeOil,holdout,PatchTST,LightGBM,2026-01-12,64.25517272949219,71.80718994140625
Brent Oil,Com_BrentCrudeOil,holdout,PatchTST,NLinear,2026-01-12,64.25517272949219,75.60325622558594
Brent Oil,Com_BrentCrudeOil,holdout,PatchTST,XGBoost,2026-01-12,64.25517272949219,73.07622528076172
Brent Oil,Com_BrentCrudeOil,tscv,PatchTST,-,2023-10-30,84.9540023803711,72.89624786376953
Brent Oil,Com_BrentCrudeOil,tscv,PatchTST,LightGBM,2023-10-30,84.9540023803711,98.86051940917969
Brent Oil,Com_BrentCrudeOil,tscv,PatchTST,NLinear,2023-10-30,84.9540023803711,77.01667022705078
Brent Oil,Com_BrentCrudeOil,tscv,PatchTST,XGBoost,2023-10-30,84.9540023803711,97.16278076171875
Brent Oil,Com_BrentCrudeOil,tscv,PatchTST,-,2023-11-06,81.2959976196289,72.69609069824219
Brent Oil,Com_BrentCrudeOil,tscv,PatchTST,LightGBM,2023-11-06,81.2959976196289,97.42674255371094
Brent Oil,Com_BrentCrudeOil,tscv,PatchTST,NLinear,2023-11-06,81.2959976196289,76.06048583984375
Brent Oil,Com_BrentCrudeOil,tscv,PatchTST,XGBoost,2023-11-06,81.2959976196289,98.83157348632812
Brent Oil,Com_BrentCrudeOil,tscv,PatchTST,-,2023-11-13,80.66000366210938,72.6920166015625
Brent Oil,Com_BrentCrudeOil,tscv,PatchTST,LightGBM,2023-11-13,80.66000366210938,95.82791137695312
Brent Oil,Com_BrentCrudeOil,tscv,PatchTST,NLinear,2023-11-13,80.66000366210938,76.50928497314453
Brent Oil,Com_BrentCrudeOil,tscv,PatchTST,XGBoost,2023-11-13,80.66000366210938,95.76751708984375
Brent Oil,Com_BrentCrudeOil,tscv,PatchTST,-,2023-11-20,81.51799774169922,72.50739288330078
Brent Oil,Com_BrentCrudeOil,tscv,PatchTST,LightGBM,2023-11-20,81.51799774169922,90.41642761230469
Brent Oil,Com_BrentCrudeOil,tscv,PatchTST,NLinear,2023-11-20,81.51799774169922,75.03040313720703
Brent Oil,Com_BrentCrudeOil,tscv,PatchTST,XGBoost,2023-11-20,81.51799774169922,90.89085388183594
Brent Oil,Com_BrentCrudeOil,tscv,PatchTST,-,2023-11-27,80.5780029296875,72.63572692871094
Brent Oil,Com_BrentCrudeOil,tscv,PatchTST,LightGBM,2023-11-27,80.5780029296875,88.8057746887207
Brent Oil,Com_BrentCrudeOil,tscv,PatchTST,NLinear,2023-11-27,80.5780029296875,74.91763305664062
Brent Oil,Com_BrentCrudeOil,tscv,PatchTST,XGBoost,2023-11-27,80.5780029296875,90.96246719360352
Brent Oil,Com_BrentCrudeOil,tscv,PatchTST,-,2023-12-04,75.98600006103516,72.53363037109375
Brent Oil,Com_BrentCrudeOil,tscv,PatchTST,LightGBM,2023-12-04,75.98600006103516,89.53658294677734
Brent Oil,Com_BrentCrudeOil,tscv,PatchTST,NLinear,2023-12-04,75.98600006103516,77.90531921386719
Brent Oil,Com_BrentCrudeOil,tscv,PatchTST,XGBoost,2023-12-04,75.98600006103516,92.01907348632812
Brent Oil,Com_BrentCrudeOil,tscv,PatchTST,-,2023-12-11,75.5780029296875,72.50223159790039
Brent Oil,Com_BrentCrudeOil,tscv,PatchTST,LightGBM,2023-12-11,75.5780029296875,90.67148971557617
Brent Oil,Com_BrentCrudeOil,tscv,PatchTST,NLinear,2023-12-11,75.5780029296875,76.9742202758789
Brent Oil,Com_BrentCrudeOil,tscv,PatchTST,XGBoost,2023-12-11,75.5780029296875,94.812744140625
Brent Oil,Com_BrentCrudeOil,tscv,PatchTST,-,2023-12-18,79.0199966430664,72.37971496582031
Brent Oil,Com_BrentCrudeOil,tscv,PatchTST,LightGBM,2023-12-18,79.0199966430664,89.49463653564453
Brent Oil,Com_BrentCrudeOil,tscv,PatchTST,NLinear,2023-12-18,79.0199966430664,75.86505889892578
Brent Oil,Com_BrentCrudeOil,tscv,PatchTST,XGBoost,2023-12-18,79.0199966430664,91.05739212036133
Brent Oil,Com_BrentCrudeOil,tscv,PatchTST,-,2023-12-25,78.6449966430664,71.6504389444987
Brent Oil,Com_BrentCrudeOil,tscv,PatchTST,LightGBM,2023-12-25,78.6449966430664,88.27412923177083
Brent Oil,Com_BrentCrudeOil,tscv,PatchTST,NLinear,2023-12-25,78.6449966430664,75.68087514241536
Brent Oil,Com_BrentCrudeOil,tscv,PatchTST,XGBoost,2023-12-25,78.6449966430664,89.48240407307942
Brent Oil,Com_BrentCrudeOil,tscv,PatchTST,-,2024-01-01,77.62249755859375,71.53309885660808
Brent Oil,Com_BrentCrudeOil,tscv,PatchTST,LightGBM,2024-01-01,77.62249755859375,87.97847747802734
Brent Oil,Com_BrentCrudeOil,tscv,PatchTST,NLinear,2024-01-01,77.62249755859375,74.48825327555339
Brent Oil,Com_BrentCrudeOil,tscv,PatchTST,XGBoost,2024-01-01,77.62249755859375,90.36990356445312
Brent Oil,Com_BrentCrudeOil,tscv,PatchTST,-,2024-01-08,77.24199676513672,71.41084289550781
Brent Oil,Com_BrentCrudeOil,tscv,PatchTST,LightGBM,2024-01-08,77.24199676513672,89.18758392333984
Brent Oil,Com_BrentCrudeOil,tscv,PatchTST,NLinear,2024-01-08,77.24199676513672,76.41481526692708
Brent Oil,Com_BrentCrudeOil,tscv,PatchTST,XGBoost,2024-01-08,77.24199676513672,90.02965037027995
Brent Oil,Com_BrentCrudeOil,tscv,PatchTST,-,2024-01-15,78.24199676513672,71.32175191243489
Brent Oil,Com_BrentCrudeOil,tscv,PatchTST,LightGBM,2024-01-15,78.24199676513672,88.81390380859375
Brent Oil,Com_BrentCrudeOil,tscv,PatchTST,NLinear,2024-01-15,78.24199676513672,74.51419067382812
Brent Oil,Com_BrentCrudeOil,tscv,PatchTST,XGBoost,2024-01-15,78.24199676513672,89.87513732910156
Brent Oil,Com_BrentCrudeOil,tscv,PatchTST,-,2024-01-22,80.33999633789062,70.91363016764323
Brent Oil,Com_BrentCrudeOil,tscv,PatchTST,LightGBM,2024-01-22,80.33999633789062,89.4004389444987
Brent Oil,Com_BrentCrudeOil,tscv,PatchTST,NLinear,2024-01-22,80.33999633789062,75.4593276977539
Brent Oil,Com_BrentCrudeOil,tscv,PatchTST,XGBoost,2024-01-22,80.33999633789062,87.63414510091145
Brent Oil,Com_BrentCrudeOil,tscv,PatchTST,-,2024-01-29,79.86599731445312,70.72253926595052
Brent Oil,Com_BrentCrudeOil,tscv,PatchTST,LightGBM,2024-01-29,79.86599731445312,86.66403706868489
Brent Oil,Com_BrentCrudeOil,tscv,PatchTST,NLinear,2024-01-29,79.86599731445312,76.18525695800781
Brent Oil,Com_BrentCrudeOil,tscv,PatchTST,XGBoost,2024-01-29,79.86599731445312,86.96024068196614
Brent Oil,Com_BrentCrudeOil,tscv,PatchTST,-,2024-02-05,79.51599884033203,70.54939524332683
Brent Oil,Com_BrentCrudeOil,tscv,PatchTST,LightGBM,2024-02-05,79.51599884033203,86.04659271240234
Brent Oil,Com_BrentCrudeOil,tscv,PatchTST,NLinear,2024-02-05,79.51599884033203,74.18821716308594
Brent Oil,Com_BrentCrudeOil,tscv,PatchTST,XGBoost,2024-02-05,79.51599884033203,86.65047200520833
Brent Oil,Com_BrentCrudeOil,tscv,PatchTST,-,2024-02-12,81.64800262451172,70.41483052571614
Brent Oil,Com_BrentCrudeOil,tscv,PatchTST,LightGBM,2024-02-12,81.64800262451172,87.10124206542969
Brent Oil,Com_BrentCrudeOil,tscv,PatchTST,NLinear,2024-02-12,81.64800262451172,75.35326385498047
Brent Oil,Com_BrentCrudeOil,tscv,PatchTST,XGBoost,2024-02-12,81.64800262451172,86.9490254720052
Brent Oil,Com_BrentCrudeOil,tscv,PatchTST,-,2024-02-19,81.3219985961914,70.37523396809895
Brent Oil,Com_BrentCrudeOil,tscv,PatchTST,LightGBM,2024-02-19,81.3219985961914,85.71529388427734
Brent Oil,Com_BrentCrudeOil,tscv,PatchTST,NLinear,2024-02-19,81.3219985961914,75.83069610595703
Brent Oil,Com_BrentCrudeOil,tscv,PatchTST,XGBoost,2024-02-19,81.3219985961914,85.94430033365886
Brent Oil,Com_BrentCrudeOil,tscv,PatchTST,-,2024-02-26,81.69200134277344,70.3137690226237
Brent Oil,Com_BrentCrudeOil,tscv,PatchTST,LightGBM,2024-02-26,81.69200134277344,85.78850809733073
Brent Oil,Com_BrentCrudeOil,tscv,PatchTST,NLinear,2024-02-26,81.69200134277344,75.48797861735027
Brent Oil,Com_BrentCrudeOil,tscv,PatchTST,XGBoost,2024-02-26,81.69200134277344,85.99252065022786
Brent Oil,Com_BrentCrudeOil,tscv,PatchTST,-,2024-03-04,81.8759994506836,70.2291259765625
Brent Oil,Com_BrentCrudeOil,tscv,PatchTST,LightGBM,2024-03-04,81.8759994506836,86.65941111246745
Brent Oil,Com_BrentCrudeOil,tscv,PatchTST,NLinear,2024-03-04,81.8759994506836,74.4704081217448
Brent Oil,Com_BrentCrudeOil,tscv,PatchTST,XGBoost,2024-03-04,81.8759994506836,85.62401580810547
Brent Oil,Com_BrentCrudeOil,tscv,PatchTST,-,2024-03-11,83.22200012207031,70.1330083211263
Brent Oil,Com_BrentCrudeOil,tscv,PatchTST,LightGBM,2024-03-11,83.22200012207031,87.1465352376302
Brent Oil,Com_BrentCrudeOil,tscv,PatchTST,NLinear,2024-03-11,83.22200012207031,74.03736877441406
Brent Oil,Com_BrentCrudeOil,tscv,PatchTST,XGBoost,2024-03-11,83.22200012207031,86.89947001139323
Brent Oil,Com_BrentCrudeOil,tscv,PatchTST,-,2024-03-18,85.6520004272461,70.98684946695964
Brent Oil,Com_BrentCrudeOil,tscv,PatchTST,LightGBM,2024-03-18,85.6520004272461,87.85770924886067
Brent Oil,Com_BrentCrudeOil,tscv,PatchTST,NLinear,2024-03-18,85.6520004272461,80.7905985514323
Brent Oil,Com_BrentCrudeOil,tscv,PatchTST,XGBoost,2024-03-18,85.6520004272461,87.73657989501953
Brent Oil,Com_BrentCrudeOil,tscv,PatchTST,-,2024-03-25,86.2183837890625,70.88019053141277
Brent Oil,Com_BrentCrudeOil,tscv,PatchTST,LightGBM,2024-03-25,86.2183837890625,86.60816446940105
Brent Oil,Com_BrentCrudeOil,tscv,PatchTST,NLinear,2024-03-25,86.2183837890625,78.3882827758789
Brent Oil,Com_BrentCrudeOil,tscv,PatchTST,XGBoost,2024-03-25,86.2183837890625,87.10620625813802
Brent Oil,Com_BrentCrudeOil,tscv,PatchTST,-,2024-04-01,89.50199890136719,70.77041371663411
Brent Oil,Com_BrentCrudeOil,tscv,PatchTST,LightGBM,2024-04-01,89.50199890136719,87.44303385416667
Brent Oil,Com_BrentCrudeOil,tscv,PatchTST,NLinear,2024-04-01,89.50199890136719,77.65511830647786
Brent Oil,Com_BrentCrudeOil,tscv,PatchTST,XGBoost,2024-04-01,89.50199890136719,88.26211547851562
Brent Oil,Com_BrentCrudeOil,tscv,PatchTST,-,2024-04-08,90.17333221435547,70.82590230305989
Brent Oil,Com_BrentCrudeOil,tscv,PatchTST,LightGBM,2024-04-08,90.17333221435547,87.66316223144531
Brent Oil,Com_BrentCrudeOil,tscv,PatchTST,NLinear,2024-04-08,90.17333221435547,78.74469248453777
Brent Oil,Com_BrentCrudeOil,tscv,PatchTST,XGBoost,2024-04-08,90.17333221435547,87.63923645019531
Brent Oil,Com_BrentCrudeOil,tscv,PatchTST,-,2024-04-15,88.12903594970703,71.0473403930664
Brent Oil,Com_BrentCrudeOil,tscv,PatchTST,LightGBM,2024-04-15,88.12903594970703,87.2809346516927
Brent Oil,Com_BrentCrudeOil,tscv,PatchTST,NLinear,2024-04-15,88.12903594970703,80.11277516682942
Brent Oil,Com_BrentCrudeOil,tscv,PatchTST,XGBoost,2024-04-15,88.12903594970703,86.47380065917969
Brent Oil,Com_BrentCrudeOil,tscv,PatchTST,-,2024-04-22,87.90630340576172,71.05132802327473
Brent Oil,Com_BrentCrudeOil,tscv,PatchTST,LightGBM,2024-04-22,87.90630340576172,87.20525360107422
Brent Oil,Com_BrentCrudeOil,tscv,PatchTST,NLinear,2024-04-22,87.90630340576172,79.51725260416667
Brent Oil,Com_BrentCrudeOil,tscv,PatchTST,XGBoost,2024-04-22,87.90630340576172,85.91004943847656
Brent Oil,Com_BrentCrudeOil,tscv,PatchTST,-,2024-04-29,84.72000122070312,70.97936503092448
Brent Oil,Com_BrentCrudeOil,tscv,PatchTST,LightGBM,2024-04-29,84.72000122070312,86.89582061767578
Brent Oil,Com_BrentCrudeOil,tscv,PatchTST,NLinear,2024-04-29,84.72000122070312,79.43485005696614
Brent Oil,Com_BrentCrudeOil,tscv,PatchTST,XGBoost,2024-04-29,84.72000122070312,86.96833801269531
Brent Oil,Com_BrentCrudeOil,tscv,PatchTST,-,2024-05-06,83.3479995727539,70.99654134114583
Brent Oil,Com_BrentCrudeOil,tscv,PatchTST,LightGBM,2024-05-06,83.3479995727539,86.62471771240234
Brent Oil,Com_BrentCrudeOil,tscv,PatchTST,NLinear,2024-05-06,83.3479995727539,79.19962056477864
Brent Oil,Com_BrentCrudeOil,tscv,PatchTST,XGBoost,2024-05-06,83.3479995727539,87.10464477539062
Brent Oil,Com_BrentCrudeOil,tscv,PatchTST,-,2024-05-13,83.14800262451172,70.59383646647136
Brent Oil,Com_BrentCrudeOil,tscv,PatchTST,LightGBM,2024-05-13,83.14800262451172,85.14671325683594
Brent Oil,Com_BrentCrudeOil,tscv,PatchTST,NLinear,2024-05-13,83.14800262451172,80.70747375488281
Brent Oil,Com_BrentCrudeOil,tscv,PatchTST,XGBoost,2024-05-13,83.14800262451172,84.5267105102539
Brent Oil,Com_BrentCrudeOil,tscv,PatchTST,-,2024-05-20,82.39399719238281,70.67815653483073
Brent Oil,Com_BrentCrudeOil,tscv,PatchTST,LightGBM,2024-05-20,82.39399719238281,84.05411020914714
Brent Oil,Com_BrentCrudeOil,tscv,PatchTST,NLinear,2024-05-20,82.39399719238281,78.52797953287761
Brent Oil,Com_BrentCrudeOil,tscv,PatchTST,XGBoost,2024-05-20,82.39399719238281,83.20829010009766
Brent Oil,Com_BrentCrudeOil,tscv,PatchTST,-,2024-05-27,82.64234161376953,70.60145568847656
Brent Oil,Com_BrentCrudeOil,tscv,PatchTST,LightGBM,2024-05-27,82.64234161376953,85.33478546142578
Brent Oil,Com_BrentCrudeOil,tscv,PatchTST,NLinear,2024-05-27,82.64234161376953,78.77784729003906
Brent Oil,Com_BrentCrudeOil,tscv,PatchTST,XGBoost,2024-05-27,82.64234161376953,83.95680745442708
Brent Oil,Com_BrentCrudeOil,tscv,PatchTST,-,2024-06-03,78.75599670410156,70.59518432617188
Brent Oil,Com_BrentCrudeOil,tscv,PatchTST,LightGBM,2024-06-03,78.75599670410156,86.56580861409505
Brent Oil,Com_BrentCrudeOil,tscv,PatchTST,NLinear,2024-06-03,78.75599670410156,79.35598500569661
Brent Oil,Com_BrentCrudeOil,tscv,PatchTST,XGBoost,2024-06-03,78.75599670410156,85.48043568929036
Brent Oil,Com_BrentCrudeOil,tscv,PatchTST,-,2024-06-10,82.30400085449219,70.21280161539714
Brent Oil,Com_BrentCrudeOil,tscv,PatchTST,LightGBM,2024-06-10,82.30400085449219,83.39139048258464
Brent Oil,Com_BrentCrudeOil,tscv,PatchTST,NLinear,2024-06-10,82.30400085449219,75.80642445882161
Brent Oil,Com_BrentCrudeOil,tscv,PatchTST,XGBoost,2024-06-10,82.30400085449219,82.61063385009766
Brent Oil,Com_BrentCrudeOil,tscv,PatchTST,-,2024-06-17,85.13249969482422,70.11169942220052
Brent Oil,Com_BrentCrudeOil,tscv,PatchTST,LightGBM,2024-06-17,85.13249969482422,80.809814453125
Brent Oil,Com_BrentCrudeOil,tscv,PatchTST,NLinear,2024-06-17,85.13249969482422,73.80428059895833
Brent Oil,Com_BrentCrudeOil,tscv,PatchTST,XGBoost,2024-06-17,85.13249969482422,79.6312993367513
Brent Oil,Com_BrentCrudeOil,tscv,PatchTST,-,2024-06-24,84.99199676513672,70.08985900878906
Brent Oil,Com_BrentCrudeOil,tscv,PatchTST,LightGBM,2024-06-24,84.99199676513672,81.6921895345052
Brent Oil,Com_BrentCrudeOil,tscv,PatchTST,NLinear,2024-06-24,84.99199676513672,74.82286834716797
Brent Oil,Com_BrentCrudeOil,tscv,PatchTST,XGBoost,2024-06-24,84.99199676513672,79.37247212727864
Brent Oil,Com_BrentCrudeOil,tscv,PatchTST,-,2024-07-01,86.68726348876953,70.01791636149089
Brent Oil,Com_BrentCrudeOil,tscv,PatchTST,LightGBM,2024-07-01,86.68726348876953,83.51964823404948
Brent Oil,Com_BrentCrudeOil,tscv,PatchTST,NLinear,2024-07-01,86.68726348876953,75.73717753092448
Brent Oil,Com_BrentCrudeOil,tscv,PatchTST,XGBoost,2024-07-01,86.68726348876953,83.33738708496094
Brent Oil,Com_BrentCrudeOil,tscv,PatchTST,-,2024-07-08,85.18399810791016,71.14722696940105
Brent Oil,Com_BrentCrudeOil,tscv,PatchTST,LightGBM,2024-07-08,85.18399810791016,84.20273335774739
Brent Oil,Com_BrentCrudeOil,tscv,PatchTST,NLinear,2024-07-08,85.18399810791016,77.66917165120442
Brent Oil,Com_BrentCrudeOil,tscv,PatchTST,XGBoost,2024-07-08,85.18399810791016,84.50703938802083
Brent Oil,Com_BrentCrudeOil,tscv,PatchTST,-,2024-07-15,84.27999877929688,71.20347595214844
Brent Oil,Com_BrentCrudeOil,tscv,PatchTST,LightGBM,2024-07-15,84.27999877929688,82.32225799560547
Brent Oil,Com_BrentCrudeOil,tscv,PatchTST,NLinear,2024-07-15,84.27999877929688,75.85604858398438
Brent Oil,Com_BrentCrudeOil,tscv,PatchTST,XGBoost,2024-07-15,84.27999877929688,82.4627176920573
Brent Oil,Com_BrentCrudeOil,tscv,PatchTST,-,2024-07-22,81.7239990234375,71.26370493570964
Brent Oil,Com_BrentCrudeOil,tscv,PatchTST,LightGBM,2024-07-22,81.7239990234375,80.58695983886719
Brent Oil,Com_BrentCrudeOil,tscv,PatchTST,NLinear,2024-07-22,81.7239990234375,75.5801289876302
Brent Oil,Com_BrentCrudeOil,tscv,PatchTST,XGBoost,2024-07-22,81.7239990234375,79.4994633992513
Brent Oil,Com_BrentCrudeOil,tscv,PatchTST,-,2024-07-29,78.4143295288086,71.25507100423177
Brent Oil,Com_BrentCrudeOil,tscv,PatchTST,LightGBM,2024-07-29,78.4143295288086,81.37447357177734
Brent Oil,Com_BrentCrudeOil,tscv,PatchTST,NLinear,2024-07-29,78.4143295288086,77.08639780680339
Brent Oil,Com_BrentCrudeOil,tscv,PatchTST,XGBoost,2024-07-29,78.4143295288086,81.15195719401042
Brent Oil,Com_BrentCrudeOil,tscv,PatchTST,-,2024-08-05,78.48297119140625,71.91771952311198
Brent Oil,Com_BrentCrudeOil,tscv,PatchTST,LightGBM,2024-08-05,78.48297119140625,84.64906311035156
Brent Oil,Com_BrentCrudeOil,tscv,PatchTST,NLinear,2024-08-05,78.48297119140625,79.58003997802734
Brent Oil,Com_BrentCrudeOil,tscv,PatchTST,XGBoost,2024-08-05,78.48297119140625,82.29679107666016
Brent Oil,Com_BrentCrudeOil,tscv,PatchTST,-,2024-08-12,80.38911437988281,71.82416025797527
Brent Oil,Com_BrentCrudeOil,tscv,PatchTST,LightGBM,2024-08-12,80.38911437988281,83.52064514160156
Brent Oil,Com_BrentCrudeOil,tscv,PatchTST,NLinear,2024-08-12,80.38911437988281,78.97280629475911
Brent Oil,Com_BrentCrudeOil,tscv,PatchTST,XGBoost,2024-08-12,80.38911437988281,82.21099853515625
Brent Oil,Com_BrentCrudeOil,tscv,PatchTST,-,2024-08-19,77.96463012695312,71.72257741292317
Brent Oil,Com_BrentCrudeOil,tscv,PatchTST,LightGBM,2024-08-19,77.96463012695312,81.88783772786458
Brent Oil,Com_BrentCrudeOil,tscv,PatchTST,NLinear,2024-08-19,77.96463012695312,78.65743001302083
Brent Oil,Com_BrentCrudeOil,tscv,PatchTST,XGBoost,2024-08-19,77.96463012695312,81.0273920694987
Brent Oil,Com_BrentCrudeOil,tscv,PatchTST,-,2024-08-26,78.09672546386719,71.78401947021484
Brent Oil,Com_BrentCrudeOil,tscv,PatchTST,LightGBM,2024-08-26,78.09672546386719,84.47012329101562
Brent Oil,Com_BrentCrudeOil,tscv,PatchTST,NLinear,2024-08-26,78.09672546386719,79.78141021728516
Brent Oil,Com_BrentCrudeOil,tscv,PatchTST,XGBoost,2024-08-26,78.09672546386719,82.14592997233073
Brent Oil,Com_BrentCrudeOil,tscv,PatchTST,-,2024-09-02,72.91812896728516,72.75175476074219
Brent Oil,Com_BrentCrudeOil,tscv,PatchTST,LightGBM,2024-09-02,72.91812896728516,84.06180826822917
Brent Oil,Com_BrentCrudeOil,tscv,PatchTST,NLinear,2024-09-02,72.91812896728516,80.72603352864583
Brent Oil,Com_BrentCrudeOil,tscv,PatchTST,XGBoost,2024-09-02,72.91812896728516,85.34144592285156
Brent Oil,Com_BrentCrudeOil,tscv,PatchTST,-,2024-09-09,71.21612548828125,72.65829722086589
Brent Oil,Com_BrentCrudeOil,tscv,PatchTST,LightGBM,2024-09-09,71.21612548828125,83.4900385538737
Brent Oil,Com_BrentCrudeOil,tscv,PatchTST,NLinear,2024-09-09,71.21612548828125,80.91552988688152
Brent Oil,Com_BrentCrudeOil,tscv,PatchTST,XGBoost,2024-09-09,71.21612548828125,84.33194224039714
Brent Oil,Com_BrentCrudeOil,tscv,PatchTST,-,2024-09-16,74.13544464111328,72.7113520304362
Brent Oil,Com_BrentCrudeOil,tscv,PatchTST,LightGBM,2024-09-16,74.13544464111328,81.2791010538737
Brent Oil,Com_BrentCrudeOil,tscv,PatchTST,NLinear,2024-09-16,74.13544464111328,81.03920237223308
Brent Oil,Com_BrentCrudeOil,tscv,PatchTST,XGBoost,2024-09-16,74.13544464111328,83.64366149902344
Brent Oil,Com_BrentCrudeOil,tscv,PatchTST,-,2024-09-23,72.62645721435547,72.86041768391927
Brent Oil,Com_BrentCrudeOil,tscv,PatchTST,LightGBM,2024-09-23,72.62645721435547,83.7196782430013
Brent Oil,Com_BrentCrudeOil,tscv,PatchTST,NLinear,2024-09-23,72.62645721435547,82.78385670979817
Brent Oil,Com_BrentCrudeOil,tscv,PatchTST,XGBoost,2024-09-23,72.62645721435547,84.70532480875652
Brent Oil,Com_BrentCrudeOil,tscv,PatchTST,-,2024-09-30,75.79288482666016,72.53880055745442
Brent Oil,Com_BrentCrudeOil,tscv,PatchTST,LightGBM,2024-09-30,75.79288482666016,84.2072041829427
Brent Oil,Com_BrentCrudeOil,tscv,PatchTST,NLinear,2024-09-30,75.79288482666016,81.63733418782552
Brent Oil,Com_BrentCrudeOil,tscv,PatchTST,XGBoost,2024-09-30,75.79288482666016,84.69929758707683
Brent Oil,Com_BrentCrudeOil,tscv,PatchTST,-,2024-10-07,78.61448669433594,72.5220718383789
Brent Oil,Com_BrentCrudeOil,tscv,PatchTST,LightGBM,2024-10-07,78.61448669433594,84.39484151204427
Brent Oil,Com_BrentCrudeOil,tscv,PatchTST,NLinear,2024-10-07,78.61448669433594,81.21862538655598
Brent Oil,Com_BrentCrudeOil,tscv,PatchTST,XGBoost,2024-10-07,78.61448669433594,85.14705149332683
Brent Oil,Com_BrentCrudeOil,tscv,PatchTST,-,2024-10-14,74.26461791992188,72.54249318440755
Brent Oil,Com_BrentCrudeOil,tscv,PatchTST,LightGBM,2024-10-14,74.26461791992188,84.35672760009766
Brent Oil,Com_BrentCrudeOil,tscv,PatchTST,NLinear,2024-10-14,74.26461791992188,83.16778564453125
Brent Oil,Com_BrentCrudeOil,tscv,PatchTST,XGBoost,2024-10-14,74.26461791992188,85.1634012858073
Brent Oil,Com_BrentCrudeOil,tscv,PatchTST,-,2024-10-21,74.91790008544922,72.56099192301433
Brent Oil,Com_BrentCrudeOil,tscv,PatchTST,LightGBM,2024-10-21,74.91790008544922,85.54636891682942
Brent Oil,Com_BrentCrudeOil,tscv,PatchTST,NLinear,2024-10-21,74.91790008544922,83.40571594238281
Brent Oil,Com_BrentCrudeOil,tscv,PatchTST,XGBoost,2024-10-21,74.91790008544922,86.45675404866536
Brent Oil,Com_BrentCrudeOil,tscv,PatchTST,-,2024-10-28,72.1500015258789,72.91899871826172
Brent Oil,Com_BrentCrudeOil,tscv,PatchTST,LightGBM,2024-10-28,72.1500015258789,85.83756256103516
Brent Oil,Com_BrentCrudeOil,tscv,PatchTST,NLinear,2024-10-28,72.1500015258789,80.49329121907552
Brent Oil,Com_BrentCrudeOil,tscv,PatchTST,XGBoost,2024-10-28,72.1500015258789,85.5134760538737
Brent Oil,Com_BrentCrudeOil,tscv,PatchTST,-,2024-11-04,74.633544921875,72.80079905192058
Brent Oil,Com_BrentCrudeOil,tscv,PatchTST,LightGBM,2024-11-04,74.633544921875,85.91098022460938
Brent Oil,Com_BrentCrudeOil,tscv,PatchTST,NLinear,2024-11-04,74.633544921875,82.42906443277995
Brent Oil,Com_BrentCrudeOil,tscv,PatchTST,XGBoost,2024-11-04,74.633544921875,85.96420288085938
Brent Oil,Com_BrentCrudeOil,tscv,PatchTST,-,2024-11-11,71.7145004272461,72.92592366536458
Brent Oil,Com_BrentCrudeOil,tscv,PatchTST,LightGBM,2024-11-11,71.7145004272461,83.20387013753255
Brent Oil,Com_BrentCrudeOil,tscv,PatchTST,NLinear,2024-11-11,71.7145004272461,82.40807596842448
Brent Oil,Com_BrentCrudeOil,tscv,PatchTST,XGBoost,2024-11-11,71.7145004272461,85.4162826538086
Brent Oil,Com_BrentCrudeOil,tscv,PatchTST,-,2024-11-18,73.94104766845703,72.79678344726562
Brent Oil,Com_BrentCrudeOil,tscv,PatchTST,LightGBM,2024-11-18,73.94104766845703,86.27428944905598
Brent Oil,Com_BrentCrudeOil,tscv,PatchTST,NLinear,2024-11-18,73.94104766845703,81.58102162679036
Brent Oil,Com_BrentCrudeOil,tscv,PatchTST,XGBoost,2024-11-18,73.94104766845703,88.06989034016927
Brent Oil,Com_BrentCrudeOil,tscv,PatchTST,-,2024-11-25,72.4459457397461,72.19145202636719
Brent Oil,Com_BrentCrudeOil,tscv,PatchTST,LightGBM,2024-11-25,72.4459457397461,86.06934102376302
Brent Oil,Com_BrentCrudeOil,tscv,PatchTST,NLinear,2024-11-25,72.4459457397461,79.91482543945312
Brent Oil,Com_BrentCrudeOil,tscv,PatchTST,XGBoost,2024-11-25,72.4459457397461,86.28197987874348
Brent Oil,Com_BrentCrudeOil,tscv,PatchTST,-,2024-12-02,71.92588806152344,72.34108479817708
Brent Oil,Com_BrentCrudeOil,tscv,PatchTST,LightGBM,2024-12-02,71.92588806152344,86.25325012207031
Brent Oil,Com_BrentCrudeOil,tscv,PatchTST,NLinear,2024-12-02,71.92588806152344,80.48874409993489
Brent Oil,Com_BrentCrudeOil,tscv,PatchTST,XGBoost,2024-12-02,71.92588806152344,85.81990305582683
Brent Oil,Com_BrentCrudeOil,tscv,PatchTST,-,2024-12-09,73.48958587646484,72.19493865966797
Brent Oil,Com_BrentCrudeOil,tscv,PatchTST,LightGBM,2024-12-09,73.48958587646484,85.85106404622395
Brent Oil,Com_BrentCrudeOil,tscv,PatchTST,NLinear,2024-12-09,73.48958587646484,82.04839833577473
Brent Oil,Com_BrentCrudeOil,tscv,PatchTST,XGBoost,2024-12-09,73.48958587646484,84.96315002441406
Brent Oil,Com_BrentCrudeOil,tscv,PatchTST,-,2024-12-16,73.21955871582031,72.19214884440105
Brent Oil,Com_BrentCrudeOil,tscv,PatchTST,LightGBM,2024-12-16,73.21955871582031,86.75349426269531
Brent Oil,Com_BrentCrudeOil,tscv,PatchTST,NLinear,2024-12-16,73.21955871582031,79.6261723836263
Brent Oil,Com_BrentCrudeOil,tscv,PatchTST,XGBoost,2024-12-16,73.21955871582031,86.12492116292317
Brent Oil,Com_BrentCrudeOil,tscv,PatchTST,-,2024-12-23,73.44568634033203,72.85315195719402
Brent Oil,Com_BrentCrudeOil,tscv,PatchTST,LightGBM,2024-12-23,73.44568634033203,88.43269602457683
Brent Oil,Com_BrentCrudeOil,tscv,PatchTST,NLinear,2024-12-23,73.44568634033203,79.19664764404297
Brent Oil,Com_BrentCrudeOil,tscv,PatchTST,XGBoost,2024-12-23,73.44568634033203,88.1063969930013
Brent Oil,Com_BrentCrudeOil,tscv,PatchTST,-,2024-12-30,75.3517837524414,72.67739359537761
Brent Oil,Com_BrentCrudeOil,tscv,PatchTST,LightGBM,2024-12-30,75.3517837524414,88.30631510416667
Brent Oil,Com_BrentCrudeOil,tscv,PatchTST,NLinear,2024-12-30,75.3517837524414,80.30931091308594
Brent Oil,Com_BrentCrudeOil,tscv,PatchTST,XGBoost,2024-12-30,75.3517837524414,88.11869049072266
Brent Oil,Com_BrentCrudeOil,tscv,PatchTST,-,2025-01-06,77.89148712158203,72.7841059366862
Brent Oil,Com_BrentCrudeOil,tscv,PatchTST,LightGBM,2025-01-06,77.89148712158203,88.2346928914388
Brent Oil,Com_BrentCrudeOil,tscv,PatchTST,NLinear,2025-01-06,77.89148712158203,79.2986323038737
Brent Oil,Com_BrentCrudeOil,tscv,PatchTST,XGBoost,2025-01-06,77.89148712158203,89.68753306070964
Brent Oil,Com_BrentCrudeOil,tscv,PatchTST,-,2025-01-13,80.95013427734375,72.73684183756511
Brent Oil,Com_BrentCrudeOil,tscv,PatchTST,LightGBM,2025-01-13,80.95013427734375,87.38392893473308
Brent Oil,Com_BrentCrudeOil,tscv,PatchTST,NLinear,2025-01-13,80.95013427734375,77.61865234375
Brent Oil,Com_BrentCrudeOil,tscv,PatchTST,XGBoost,2025-01-13,80.95013427734375,89.2221908569336
Brent Oil,Com_BrentCrudeOil,tscv,PatchTST,-,2025-01-20,78.79235076904297,72.0284194946289
Brent Oil,Com_BrentCrudeOil,tscv,PatchTST,LightGBM,2025-01-20,78.79235076904297,85.1334228515625
Brent Oil,Com_BrentCrudeOil,tscv,PatchTST,NLinear,2025-01-20,78.79235076904297,75.43038177490234
Brent Oil,Com_BrentCrudeOil,tscv,PatchTST,XGBoost,2025-01-20,78.79235076904297,87.77450052897136
Brent Oil,Com_BrentCrudeOil,tscv,PatchTST,-,2025-01-27,76.10587310791016,71.87640380859375
Brent Oil,Com_BrentCrudeOil,tscv,PatchTST,LightGBM,2025-01-27,76.10587310791016,85.13457489013672
Brent Oil,Com_BrentCrudeOil,tscv,PatchTST,NLinear,2025-01-27,76.10587310791016,76.33737436930339
Brent Oil,Com_BrentCrudeOil,tscv,PatchTST,XGBoost,2025-01-27,76.10587310791016,86.75392659505208
Brent Oil,Com_BrentCrudeOil,tscv,PatchTST,-,2025-02-03,75.14842987060547,71.98687489827473
Brent Oil,Com_BrentCrudeOil,tscv,PatchTST,LightGBM,2025-02-03,75.14842987060547,85.32802327473958
Brent Oil,Com_BrentCrudeOil,tscv,PatchTST,NLinear,2025-02-03,75.14842987060547,76.43689727783203
Brent Oil,Com_BrentCrudeOil,tscv,PatchTST,XGBoost,2025-02-03,75.14842987060547,87.1472651163737
Brent Oil,Com_BrentCrudeOil,tscv,PatchTST,-,2025-02-10,75.43816375732422,71.80658467610677
Brent Oil,Com_BrentCrudeOil,tscv,PatchTST,LightGBM,2025-02-10,75.43816375732422,84.90373229980469
Brent Oil,Com_BrentCrudeOil,tscv,PatchTST,NLinear,2025-02-10,75.43816375732422,75.30339813232422
Brent Oil,Com_BrentCrudeOil,tscv,PatchTST,XGBoost,2025-02-10,75.43816375732422,85.02943420410156
Brent Oil,Com_BrentCrudeOil,tscv,PatchTST,-,2025-02-17,75.4046630859375,74.64293670654297
Brent Oil,Com_BrentCrudeOil,tscv,PatchTST,LightGBM,2025-02-17,75.4046630859375,86.83479309082031
Brent Oil,Com_BrentCrudeOil,tscv,PatchTST,NLinear,2025-02-17,75.4046630859375,77.52029164632161
Brent Oil,Com_BrentCrudeOil,tscv,PatchTST,XGBoost,2025-02-17,75.4046630859375,87.23203531901042
Brent Oil,Com_BrentCrudeOil,tscv,PatchTST,-,2025-02-24,73.14600372314453,74.62921142578125
Brent Oil,Com_BrentCrudeOil,tscv,PatchTST,LightGBM,2025-02-24,73.14600372314453,87.55747731526692
Brent Oil,Com_BrentCrudeOil,tscv,PatchTST,NLinear,2025-02-24,73.14600372314453,76.85726928710938
Brent Oil,Com_BrentCrudeOil,tscv,PatchTST,XGBoost,2025-02-24,73.14600372314453,86.85562896728516
Brent Oil,Com_BrentCrudeOil,tscv,PatchTST,-,2025-03-03,70.35600280761719,74.5019022623698
Brent Oil,Com_BrentCrudeOil,tscv,PatchTST,LightGBM,2025-03-03,70.35600280761719,87.40511830647786
Brent Oil,Com_BrentCrudeOil,tscv,PatchTST,NLinear,2025-03-03,70.35600280761719,78.24842325846355
Brent Oil,Com_BrentCrudeOil,tscv,PatchTST,XGBoost,2025-03-03,70.35600280761719,87.3073018391927
Brent Oil,Com_BrentCrudeOil,tscv,PatchTST,-,2025-03-10,70.26238250732422,74.18160756429036
Brent Oil,Com_BrentCrudeOil,tscv,PatchTST,LightGBM,2025-03-10,70.26238250732422,86.40562693277995
Brent Oil,Com_BrentCrudeOil,tscv,PatchTST,NLinear,2025-03-10,70.26238250732422,78.00116475423177
Brent Oil,Com_BrentCrudeOil,tscv,PatchTST,XGBoost,2025-03-10,70.26238250732422,86.33085632324219
Brent Oil,Com_BrentCrudeOil,tscv,PatchTST,-,2025-03-17,71.52252960205078,74.01161702473958
Brent Oil,Com_BrentCrudeOil,tscv,PatchTST,LightGBM,2025-03-17,71.52252960205078,83.88367207845052
Brent Oil,Com_BrentCrudeOil,tscv,PatchTST,NLinear,2025-03-17,71.52252960205078,75.88448588053386
Brent Oil,Com_BrentCrudeOil,tscv,PatchTST,XGBoost,2025-03-17,71.52252960205078,85.16080474853516
Brent Oil,Com_BrentCrudeOil,tscv,PatchTST,-,2025-03-24,73.04026794433594,73.78673553466797
Brent Oil,Com_BrentCrudeOil,tscv,PatchTST,LightGBM,2025-03-24,73.04026794433594,84.40974680582683
Brent Oil,Com_BrentCrudeOil,tscv,PatchTST,NLinear,2025-03-24,73.04026794433594,77.52645874023438
Brent Oil,Com_BrentCrudeOil,tscv,PatchTST,XGBoost,2025-03-24,73.04026794433594,84.42468007405598
Brent Oil,Com_BrentCrudeOil,tscv,PatchTST,-,2025-03-31,69.90252685546875,73.71367645263672
Brent Oil,Com_BrentCrudeOil,tscv,PatchTST,LightGBM,2025-03-31,69.90252685546875,83.99766031901042
Brent Oil,Com_BrentCrudeOil,tscv,PatchTST,NLinear,2025-03-31,69.90252685546875,75.99887084960938
Brent Oil,Com_BrentCrudeOil,tscv,PatchTST,XGBoost,2025-03-31,69.90252685546875,84.08969116210938
Brent Oil,Com_BrentCrudeOil,tscv,PatchTST,-,2025-04-07,64.27491760253906,73.70765686035156
Brent Oil,Com_BrentCrudeOil,tscv,PatchTST,LightGBM,2025-04-07,64.27491760253906,84.28819529215495
Brent Oil,Com_BrentCrudeOil,tscv,PatchTST,NLinear,2025-04-07,64.27491760253906,75.53413645426433
Brent Oil,Com_BrentCrudeOil,tscv,PatchTST,XGBoost,2025-04-07,64.27491760253906,84.11094156901042
Brent Oil,Com_BrentCrudeOil,tscv,PatchTST,-,2025-04-14,66.60935974121094,74.19510396321614
Brent Oil,Com_BrentCrudeOil,tscv,PatchTST,LightGBM,2025-04-14,66.60935974121094,84.39203135172527
Brent Oil,Com_BrentCrudeOil,tscv,PatchTST,NLinear,2025-04-14,66.60935974121094,77.92437998453777
Brent Oil,Com_BrentCrudeOil,tscv,PatchTST,XGBoost,2025-04-14,66.60935974121094,84.43233744303386
Brent Oil,Com_BrentCrudeOil,tscv,PatchTST,-,2025-04-21,66.57654571533203,74.21339670817058
Brent Oil,Com_BrentCrudeOil,tscv,PatchTST,LightGBM,2025-04-21,66.57654571533203,84.44693756103516
Brent Oil,Com_BrentCrudeOil,tscv,PatchTST,NLinear,2025-04-21,66.57654571533203,76.5159912109375
Brent Oil,Com_BrentCrudeOil,tscv,PatchTST,XGBoost,2025-04-21,66.57654571533203,84.42479960123698
Brent Oil,Com_BrentCrudeOil,tscv,PatchTST,-,2025-04-28,61.81767272949219,73.98651631673177
Brent Oil,Com_BrentCrudeOil,tscv,PatchTST,LightGBM,2025-04-28,61.81767272949219,83.66407521565755
Brent Oil,Com_BrentCrudeOil,tscv,PatchTST,NLinear,2025-04-28,61.81767272949219,77.41696166992188
Brent Oil,Com_BrentCrudeOil,tscv,PatchTST,XGBoost,2025-04-28,61.81767272949219,83.5851313273112
Brent Oil,Com_BrentCrudeOil,tscv,PatchTST,-,2025-05-05,62.62345886230469,73.8125228881836
Brent Oil,Com_BrentCrudeOil,tscv,PatchTST,LightGBM,2025-05-05,62.62345886230469,83.72065989176433
Brent Oil,Com_BrentCrudeOil,tscv,PatchTST,NLinear,2025-05-05,62.62345886230469,77.09117126464844
Brent Oil,Com_BrentCrudeOil,tscv,PatchTST,XGBoost,2025-05-05,62.62345886230469,83.55735270182292
Brent Oil,Com_BrentCrudeOil,tscv,PatchTST,-,2025-05-12,65.50987243652344,71.75425974527995
Brent Oil,Com_BrentCrudeOil,tscv,PatchTST,LightGBM,2025-05-12,65.50987243652344,79.9074223836263
Brent Oil,Com_BrentCrudeOil,tscv,PatchTST,NLinear,2025-05-12,65.50987243652344,74.59184265136719
Brent Oil,Com_BrentCrudeOil,tscv,PatchTST,XGBoost,2025-05-12,65.50987243652344,78.85271708170573
Brent Oil,Com_BrentCrudeOil,tscv,PatchTST,-,2025-05-19,65.00296020507812,71.67160034179688
Brent Oil,Com_BrentCrudeOil,tscv,PatchTST,LightGBM,2025-05-19,65.00296020507812,80.51961008707683
Brent Oil,Com_BrentCrudeOil,tscv,PatchTST,NLinear,2025-05-19,65.00296020507812,74.40706634521484
Brent Oil,Com_BrentCrudeOil,tscv,PatchTST,XGBoost,2025-05-19,65.00296020507812,79.5013936360677
Brent Oil,Com_BrentCrudeOil,tscv,PatchTST,-,2025-05-26,63.65324401855469,71.66874694824219
Brent Oil,Com_BrentCrudeOil,tscv,PatchTST,LightGBM,2025-05-26,63.65324401855469,80.21972910563152
Brent Oil,Com_BrentCrudeOil,tscv,PatchTST,NLinear,2025-05-26,63.65324401855469,73.75762430826823
Brent Oil,Com_BrentCrudeOil,tscv,PatchTST,XGBoost,2025-05-26,63.65324401855469,79.77686309814453
Brent Oil,Com_BrentCrudeOil,tscv,PatchTST,-,2025-06-02,65.69291687011719,71.53995768229167
Brent Oil,Com_BrentCrudeOil,tscv,PatchTST,LightGBM,2025-06-02,65.69291687011719,80.71897888183594
Brent Oil,Com_BrentCrudeOil,tscv,PatchTST,NLinear,2025-06-02,65.69291687011719,73.44378153483073
Brent Oil,Com_BrentCrudeOil,tscv,PatchTST,XGBoost,2025-06-02,65.69291687011719,79.87484741210938
Brent Oil,Com_BrentCrudeOil,tscv,PatchTST,-,2025-06-09,70.90538787841797,71.61292775472005
Brent Oil,Com_BrentCrudeOil,tscv,PatchTST,LightGBM,2025-06-09,70.90538787841797,79.4516092936198
Brent Oil,Com_BrentCrudeOil,tscv,PatchTST,NLinear,2025-06-09,70.90538787841797,73.47305043538411
Brent Oil,Com_BrentCrudeOil,tscv,PatchTST,XGBoost,2025-06-09,70.90538787841797,77.33313242594402
Brent Oil,Com_BrentCrudeOil,tscv,PatchTST,-,2025-06-16,76.53987121582031,71.58645884195964
Brent Oil,Com_BrentCrudeOil,tscv,PatchTST,LightGBM,2025-06-16,76.53987121582031,79.34042867024739
Brent Oil,Com_BrentCrudeOil,tscv,PatchTST,NLinear,2025-06-16,76.53987121582031,74.28874969482422
Brent Oil,Com_BrentCrudeOil,tscv,PatchTST,XGBoost,2025-06-16,76.53987121582031,77.32970428466797
Brent Oil,Com_BrentCrudeOil,tscv,PatchTST,-,2025-06-23,67.5205307006836,71.51612345377605
Brent Oil,Com_BrentCrudeOil,tscv,PatchTST,LightGBM,2025-06-23,67.5205307006836,78.49328358968098
Brent Oil,Com_BrentCrudeOil,tscv,PatchTST,NLinear,2025-06-23,67.5205307006836,72.8462422688802
Brent Oil,Com_BrentCrudeOil,tscv,PatchTST,XGBoost,2025-06-23,67.5205307006836,78.1674321492513
Brent Oil,Com_BrentCrudeOil,tscv,PatchTST,-,2025-06-30,67.9451675415039,71.37195587158203
Brent Oil,Com_BrentCrudeOil,tscv,PatchTST,LightGBM,2025-06-30,67.9451675415039,79.13362375895183
Brent Oil,Com_BrentCrudeOil,tscv,PatchTST,NLinear,2025-06-30,67.9451675415039,73.24047088623047
Brent Oil,Com_BrentCrudeOil,tscv,PatchTST,XGBoost,2025-06-30,67.9451675415039,77.78638966878255
Brent Oil,Com_BrentCrudeOil,tscv,PatchTST,-,2025-07-07,69.90603637695312,72.0569356282552
Brent Oil,Com_BrentCrudeOil,tscv,PatchTST,LightGBM,2025-07-07,69.90603637695312,77.87638600667317
Brent Oil,Com_BrentCrudeOil,tscv,PatchTST,NLinear,2025-07-07,69.90603637695312,72.31188456217448
Brent Oil,Com_BrentCrudeOil,tscv,PatchTST,XGBoost,2025-07-07,69.90603637695312,77.1892573038737
Brent Oil,Com_BrentCrudeOil,tscv,PatchTST,-,2025-07-14,69.10814666748047,72.06564076741536
Brent Oil,Com_BrentCrudeOil,tscv,PatchTST,LightGBM,2025-07-14,69.10814666748047,76.77222442626953
Brent Oil,Com_BrentCrudeOil,tscv,PatchTST,NLinear,2025-07-14,69.10814666748047,72.83448791503906
Brent Oil,Com_BrentCrudeOil,tscv,PatchTST,XGBoost,2025-07-14,69.10814666748047,77.60415903727214
Brent Oil,Com_BrentCrudeOil,tscv,PatchTST,-,2025-07-21,68.77239990234375,72.04172261555989
Brent Oil,Com_BrentCrudeOil,tscv,PatchTST,LightGBM,2025-07-21,68.77239990234375,78.28593190511067
Brent Oil,Com_BrentCrudeOil,tscv,PatchTST,NLinear,2025-07-21,68.77239990234375,73.06533813476562
Brent Oil,Com_BrentCrudeOil,tscv,PatchTST,XGBoost,2025-07-21,68.77239990234375,78.04251861572266
Brent Oil,Com_BrentCrudeOil,tscv,PatchTST,-,2025-07-28,70.7232666015625,72.01604715983073
Brent Oil,Com_BrentCrudeOil,tscv,PatchTST,LightGBM,2025-07-28,70.7232666015625,78.05476888020833
Brent Oil,Com_BrentCrudeOil,tscv,PatchTST,NLinear,2025-07-28,70.7232666015625,72.2015380859375
Brent Oil,Com_BrentCrudeOil,tscv,PatchTST,XGBoost,2025-07-28,70.7232666015625,81.24154408772786
Brent Oil,Com_BrentCrudeOil,tscv,PatchTST,-,2025-08-04,67.10191345214844,72.85183207194011
Brent Oil,Com_BrentCrudeOil,tscv,PatchTST,LightGBM,2025-08-04,67.10191345214844,77.07698822021484
Brent Oil,Com_BrentCrudeOil,tscv,PatchTST,NLinear,2025-08-04,67.10191345214844,72.61456807454427
Brent Oil,Com_BrentCrudeOil,tscv,PatchTST,XGBoost,2025-08-04,67.10191345214844,80.22229512532552
Brent Oil,Com_BrentCrudeOil,tscv,PatchTST,-,2025-08-11,66.15612030029297,72.85749816894531
Brent Oil,Com_BrentCrudeOil,tscv,PatchTST,LightGBM,2025-08-11,66.15612030029297,76.3226547241211
Brent Oil,Com_BrentCrudeOil,tscv,PatchTST,NLinear,2025-08-11,66.15612030029297,73.01122792561848
Brent Oil,Com_BrentCrudeOil,tscv,PatchTST,XGBoost,2025-08-11,66.15612030029297,77.53377024332683
Brent Oil,Com_BrentCrudeOil,tscv,PatchTST,-,2025-08-18,67.08045196533203,72.83475494384766
Brent Oil,Com_BrentCrudeOil,tscv,PatchTST,LightGBM,2025-08-18,67.08045196533203,77.98716990152995
Brent Oil,Com_BrentCrudeOil,tscv,PatchTST,NLinear,2025-08-18,67.08045196533203,73.26773579915364
Brent Oil,Com_BrentCrudeOil,tscv,PatchTST,XGBoost,2025-08-18,67.08045196533203,80.70523579915364
Brent Oil,Com_BrentCrudeOil,tscv,PatchTST,-,2025-08-25,67.60226440429688,72.73497009277344
Brent Oil,Com_BrentCrudeOil,tscv,PatchTST,LightGBM,2025-08-25,67.60226440429688,78.77297465006511
Brent Oil,Com_BrentCrudeOil,tscv,PatchTST,NLinear,2025-08-25,67.60226440429688,71.29838562011719
Brent Oil,Com_BrentCrudeOil,tscv,PatchTST,XGBoost,2025-08-25,67.60226440429688,80.22195434570312
Brent Oil,Com_BrentCrudeOil,tscv,PatchTST,-,2025-09-01,67.27151489257812,73.36223602294922
Brent Oil,Com_BrentCrudeOil,tscv,PatchTST,LightGBM,2025-09-01,67.27151489257812,79.66159057617188
Brent Oil,Com_BrentCrudeOil,tscv,PatchTST,NLinear,2025-09-01,67.27151489257812,73.02600479125977
Brent Oil,Com_BrentCrudeOil,tscv,PatchTST,XGBoost,2025-09-01,67.27151489257812,81.39546585083008
Brent Oil,Com_BrentCrudeOil,tscv,PatchTST,-,2025-09-08,66.77435302734375,73.2947883605957
Brent Oil,Com_BrentCrudeOil,tscv,PatchTST,LightGBM,2025-09-08,66.77435302734375,76.22420120239258
Brent Oil,Com_BrentCrudeOil,tscv,PatchTST,NLinear,2025-09-08,66.77435302734375,74.24703598022461
Brent Oil,Com_BrentCrudeOil,tscv,PatchTST,XGBoost,2025-09-08,66.77435302734375,80.47890090942383
Brent Oil,Com_BrentCrudeOil,tscv,PatchTST,-,2025-09-15,67.5166015625,73.12351989746094
Brent Oil,Com_BrentCrudeOil,tscv,PatchTST,LightGBM,2025-09-15,67.5166015625,74.24271392822266
Brent Oil,Com_BrentCrudeOil,tscv,PatchTST,NLinear,2025-09-15,67.5166015625,74.2350959777832
Brent Oil,Com_BrentCrudeOil,tscv,PatchTST,XGBoost,2025-09-15,67.5166015625,79.72175216674805
Brent Oil,Com_BrentCrudeOil,tscv,PatchTST,-,2025-09-22,68.50713348388672,73.07844543457031
Brent Oil,Com_BrentCrudeOil,tscv,PatchTST,LightGBM,2025-09-22,68.50713348388672,76.53148651123047
Brent Oil,Com_BrentCrudeOil,tscv,PatchTST,NLinear,2025-09-22,68.50713348388672,73.34486770629883
Brent Oil,Com_BrentCrudeOil,tscv,PatchTST,XGBoost,2025-09-22,68.50713348388672,82.50782775878906
Brent Oil,Com_BrentCrudeOil,tscv,PatchTST,-,2025-09-29,65.30098724365234,72.87220001220703
Brent Oil,Com_BrentCrudeOil,tscv,PatchTST,LightGBM,2025-09-29,65.30098724365234,77.32915496826172
Brent Oil,Com_BrentCrudeOil,tscv,PatchTST,NLinear,2025-09-29,65.30098724365234,72.68162536621094
Brent Oil,Com_BrentCrudeOil,tscv,PatchTST,XGBoost,2025-09-29,65.30098724365234,80.90455627441406
Brent Oil,Com_BrentCrudeOil,tscv,PatchTST,-,2025-10-06,64.48927307128906,72.98402404785156
Brent Oil,Com_BrentCrudeOil,tscv,PatchTST,LightGBM,2025-10-06,64.48927307128906,77.97977447509766
Brent Oil,Com_BrentCrudeOil,tscv,PatchTST,NLinear,2025-10-06,64.48927307128906,72.99122619628906
Brent Oil,Com_BrentCrudeOil,tscv,PatchTST,XGBoost,2025-10-06,64.48927307128906,82.28426361083984
Brent Oil,Com_BrentCrudeOil,tscv,PatchTST,-,2025-10-13,61.7679557800293,72.82638549804688
Brent Oil,Com_BrentCrudeOil,tscv,PatchTST,LightGBM,2025-10-13,61.7679557800293,75.54654693603516
Brent Oil,Com_BrentCrudeOil,tscv,PatchTST,NLinear,2025-10-13,61.7679557800293,74.4841537475586
Brent Oil,Com_BrentCrudeOil,tscv,PatchTST,XGBoost,2025-10-13,61.7679557800293,84.0414810180664
Brent Oil,Com_BrentCrudeOil,tscv,PatchTST,-,2025-10-20,63.904998779296875,72.78143310546875
Brent Oil,Com_BrentCrudeOil,tscv,PatchTST,LightGBM,2025-10-20,63.904998779296875,76.99361419677734
Brent Oil,Com_BrentCrudeOil,tscv,PatchTST,NLinear,2025-10-20,63.904998779296875,72.25151824951172
Brent Oil,Com_BrentCrudeOil,tscv,PatchTST,XGBoost,2025-10-20,63.904998779296875,78.13442993164062
WTI Oil,Com_CrudeOil,holdout,PatchTST,-,2025-10-27,60.77857208251953,68.45086669921875
WTI Oil,Com_CrudeOil,holdout,PatchTST,LightGBM,2025-10-27,60.77857208251953,66.3170166015625
WTI Oil,Com_CrudeOil,holdout,PatchTST,NLinear,2025-10-27,60.77857208251953,71.39690399169922
WTI Oil,Com_CrudeOil,holdout,PatchTST,XGBoost,2025-10-27,60.77857208251953,66.97869873046875
WTI Oil,Com_CrudeOil,holdout,PatchTST,-,2025-11-03,60.05507278442383,68.35598754882812
WTI Oil,Com_CrudeOil,holdout,PatchTST,LightGBM,2025-11-03,60.05507278442383,68.05514526367188
WTI Oil,Com_CrudeOil,holdout,PatchTST,NLinear,2025-11-03,60.05507278442383,68.0382308959961
WTI Oil,Com_CrudeOil,holdout,PatchTST,XGBoost,2025-11-03,60.05507278442383,67.9197006225586
WTI Oil,Com_CrudeOil,holdout,PatchTST,-,2025-11-10,59.70945739746094,68.41259765625
WTI Oil,Com_CrudeOil,holdout,PatchTST,LightGBM,2025-11-10,59.70945739746094,64.99940490722656
WTI Oil,Com_CrudeOil,holdout,PatchTST,NLinear,2025-11-10,59.70945739746094,69.78134155273438
WTI Oil,Com_CrudeOil,holdout,PatchTST,XGBoost,2025-11-10,59.70945739746094,63.19620132446289
WTI Oil,Com_CrudeOil,holdout,PatchTST,-,2025-11-17,58.993499755859375,68.40174102783203
WTI Oil,Com_CrudeOil,holdout,PatchTST,LightGBM,2025-11-17,58.993499755859375,67.88455963134766
WTI Oil,Com_CrudeOil,holdout,PatchTST,NLinear,2025-11-17,58.993499755859375,67.88167572021484
WTI Oil,Com_CrudeOil,holdout,PatchTST,XGBoost,2025-11-17,58.993499755859375,66.04337310791016
WTI Oil,Com_CrudeOil,holdout,PatchTST,-,2025-11-24,58.810028076171875,68.21804809570312
WTI Oil,Com_CrudeOil,holdout,PatchTST,LightGBM,2025-11-24,58.810028076171875,68.05797576904297
WTI Oil,Com_CrudeOil,holdout,PatchTST,NLinear,2025-11-24,58.810028076171875,67.66067504882812
WTI Oil,Com_CrudeOil,holdout,PatchTST,XGBoost,2025-11-24,58.810028076171875,68.73790740966797
WTI Oil,Com_CrudeOil,holdout,PatchTST,-,2025-12-01,59.567256927490234,68.06359100341797
WTI Oil,Com_CrudeOil,holdout,PatchTST,LightGBM,2025-12-01,59.567256927490234,67.26998138427734
WTI Oil,Com_CrudeOil,holdout,PatchTST,NLinear,2025-12-01,59.567256927490234,68.43950653076172
WTI Oil,Com_CrudeOil,holdout,PatchTST,XGBoost,2025-12-01,59.567256927490234,68.06182098388672
WTI Oil,Com_CrudeOil,holdout,PatchTST,-,2025-12-08,57.97571563720703,68.01138305664062
WTI Oil,Com_CrudeOil,holdout,PatchTST,LightGBM,2025-12-08,57.97571563720703,65.40672302246094
WTI Oil,Com_CrudeOil,holdout,PatchTST,NLinear,2025-12-08,57.97571563720703,68.57080841064453
WTI Oil,Com_CrudeOil,holdout,PatchTST,XGBoost,2025-12-08,57.97571563720703,65.20292663574219
WTI Oil,Com_CrudeOil,holdout,PatchTST,-,2025-12-15,56.28154373168945,68.0175552368164
WTI Oil,Com_CrudeOil,holdout,PatchTST,LightGBM,2025-12-15,56.28154373168945,67.10440063476562
WTI Oil,Com_CrudeOil,holdout,PatchTST,NLinear,2025-12-15,56.28154373168945,68.1681900024414
WTI Oil,Com_CrudeOil,holdout,PatchTST,XGBoost,2025-12-15,56.28154373168945,67.53453063964844
WTI Oil,Com_CrudeOil,holdout,PatchTST,-,2025-12-22,57.7086296081543,67.86418151855469
WTI Oil,Com_CrudeOil,holdout,PatchTST,LightGBM,2025-12-22,57.7086296081543,67.73197174072266
WTI Oil,Com_CrudeOil,holdout,PatchTST,NLinear,2025-12-22,57.7086296081543,67.88148498535156
WTI Oil,Com_CrudeOil,holdout,PatchTST,XGBoost,2025-12-22,57.7086296081543,67.08158874511719
WTI Oil,Com_CrudeOil,holdout,PatchTST,-,2025-12-29,57.53675842285156,67.65008544921875
WTI Oil,Com_CrudeOil,holdout,PatchTST,LightGBM,2025-12-29,57.53675842285156,69.40070343017578
WTI Oil,Com_CrudeOil,holdout,PatchTST,NLinear,2025-12-29,57.53675842285156,66.06198120117188
WTI Oil,Com_CrudeOil,holdout,PatchTST,XGBoost,2025-12-29,57.53675842285156,67.60140228271484
WTI Oil,Com_CrudeOil,holdout,PatchTST,-,2026-01-05,58.08931350708008,67.59495544433594
WTI Oil,Com_CrudeOil,holdout,PatchTST,LightGBM,2026-01-05,58.08931350708008,65.30079650878906
WTI Oil,Com_CrudeOil,holdout,PatchTST,NLinear,2026-01-05,58.08931350708008,67.3363265991211
WTI Oil,Com_CrudeOil,holdout,PatchTST,XGBoost,2026-01-05,58.08931350708008,66.49494171142578
WTI Oil,Com_CrudeOil,holdout,PatchTST,-,2026-01-12,59.76057052612305,67.6083755493164
WTI Oil,Com_CrudeOil,holdout,PatchTST,LightGBM,2026-01-12,59.76057052612305,65.08338928222656
WTI Oil,Com_CrudeOil,holdout,PatchTST,NLinear,2026-01-12,59.76057052612305,67.98772430419922
WTI Oil,Com_CrudeOil,holdout,PatchTST,XGBoost,2026-01-12,59.76057052612305,67.54765319824219
WTI Oil,Com_CrudeOil,tscv,PatchTST,-,2023-10-30,80.93399810791016,66.84632110595703
WTI Oil,Com_CrudeOil,tscv,PatchTST,LightGBM,2023-10-30,80.93399810791016,93.75970458984375
WTI Oil,Com_CrudeOil,tscv,PatchTST,NLinear,2023-10-30,80.93399810791016,70.97823333740234
WTI Oil,Com_CrudeOil,tscv,PatchTST,XGBoost,2023-10-30,80.93399810791016,87.8833236694336
WTI Oil,Com_CrudeOil,tscv,PatchTST,-,2023-11-06,77.04000091552734,66.58086395263672
WTI Oil,Com_CrudeOil,tscv,PatchTST,LightGBM,2023-11-06,77.04000091552734,91.53608703613281
WTI Oil,Com_CrudeOil,tscv,PatchTST,NLinear,2023-11-06,77.04000091552734,72.11273193359375
WTI Oil,Com_CrudeOil,tscv,PatchTST,XGBoost,2023-11-06,77.04000091552734,93.14321899414062
WTI Oil,Com_CrudeOil,tscv,PatchTST,-,2023-11-13,76.41400146484375,66.18910217285156
WTI Oil,Com_CrudeOil,tscv,PatchTST,LightGBM,2023-11-13,76.41400146484375,90.45992279052734
WTI Oil,Com_CrudeOil,tscv,PatchTST,NLinear,2023-11-13,76.41400146484375,71.44055938720703
WTI Oil,Com_CrudeOil,tscv,PatchTST,XGBoost,2023-11-13,76.41400146484375,89.67620849609375
WTI Oil,Com_CrudeOil,tscv,PatchTST,-,2023-11-20,77.20999908447266,66.64984130859375
WTI Oil,Com_CrudeOil,tscv,PatchTST,LightGBM,2023-11-20,77.20999908447266,88.38581085205078
WTI Oil,Com_CrudeOil,tscv,PatchTST,NLinear,2023-11-20,77.20999908447266,72.92803955078125
WTI Oil,Com_CrudeOil,tscv,PatchTST,XGBoost,2023-11-20,77.20999908447266,88.16283416748047
WTI Oil,Com_CrudeOil,tscv,PatchTST,-,2023-11-27,75.99400329589844,64.83893394470215
WTI Oil,Com_CrudeOil,tscv,PatchTST,LightGBM,2023-11-27,75.99400329589844,84.7271842956543
WTI Oil,Com_CrudeOil,tscv,PatchTST,NLinear,2023-11-27,75.99400329589844,68.04688262939453
WTI Oil,Com_CrudeOil,tscv,PatchTST,XGBoost,2023-11-27,75.99400329589844,84.6579818725586
WTI Oil,Com_CrudeOil,tscv,PatchTST,-,2023-12-04,71.30599975585938,64.72173500061035
WTI Oil,Com_CrudeOil,tscv,PatchTST,LightGBM,2023-12-04,71.30599975585938,85.3423080444336
WTI Oil,Com_CrudeOil,tscv,PatchTST,NLinear,2023-12-04,71.30599975585938,68.46622085571289
WTI Oil,Com_CrudeOil,tscv,PatchTST,XGBoost,2023-12-04,71.30599975585938,83.34961700439453
WTI Oil,Com_CrudeOil,tscv,PatchTST,-,2023-12-11,70.76399993896484,64.68381118774414
WTI Oil,Com_CrudeOil,tscv,PatchTST,LightGBM,2023-12-11,70.76399993896484,85.8938980102539
WTI Oil,Com_CrudeOil,tscv,PatchTST,NLinear,2023-12-11,70.76399993896484,68.76483154296875
WTI Oil,Com_CrudeOil,tscv,PatchTST,XGBoost,2023-12-11,70.76399993896484,85.27266693115234
WTI Oil,Com_CrudeOil,tscv,PatchTST,-,2023-12-18,73.68599700927734,64.47057342529297
WTI Oil,Com_CrudeOil,tscv,PatchTST,LightGBM,2023-12-18,73.68599700927734,83.96057510375977
WTI Oil,Com_CrudeOil,tscv,PatchTST,NLinear,2023-12-18,73.68599700927734,69.50605010986328
WTI Oil,Com_CrudeOil,tscv,PatchTST,XGBoost,2023-12-18,73.68599700927734,84.32588958740234
WTI Oil,Com_CrudeOil,tscv,PatchTST,-,2023-12-25,73.2750015258789,63.523607889811196
WTI Oil,Com_CrudeOil,tscv,PatchTST,LightGBM,2023-12-25,73.2750015258789,83.32126363118489
WTI Oil,Com_CrudeOil,tscv,PatchTST,NLinear,2023-12-25,73.2750015258789,67.59488677978516
WTI Oil,Com_CrudeOil,tscv,PatchTST,XGBoost,2023-12-25,73.2750015258789,83.16621398925781
WTI Oil,Com_CrudeOil,tscv,PatchTST,-,2024-01-01,72.2699966430664,63.51870346069336
WTI Oil,Com_CrudeOil,tscv,PatchTST,LightGBM,2024-01-01,72.2699966430664,80.46798451741536
WTI Oil,Com_CrudeOil,tscv,PatchTST,NLinear,2024-01-01,72.2699966430664,67.74508921305339
WTI Oil,Com_CrudeOil,tscv,PatchTST,XGBoost,2024-01-01,72.2699966430664,83.00423177083333
WTI Oil,Com_CrudeOil,tscv,PatchTST,-,2024-01-08,71.9800033569336,63.411599477132164
WTI Oil,Com_CrudeOil,tscv,PatchTST,LightGBM,2024-01-08,71.9800033569336,81.10782877604167
WTI Oil,Com_CrudeOil,tscv,PatchTST,NLinear,2024-01-08,71.9800033569336,66.6001205444336
WTI Oil,Com_CrudeOil,tscv,PatchTST,XGBoost,2024-01-08,71.9800033569336,81.80614980061848
WTI Oil,Com_CrudeOil,tscv,PatchTST,-,2024-01-15,72.99749755859375,63.405558268229164
WTI Oil,Com_CrudeOil,tscv,PatchTST,LightGBM,2024-01-15,72.99749755859375,81.52565511067708
WTI Oil,Com_CrudeOil,tscv,PatchTST,NLinear,2024-01-15,72.99749755859375,66.73468271891277
WTI Oil,Com_CrudeOil,tscv,PatchTST,XGBoost,2024-01-15,72.99749755859375,82.09486643473308
WTI Oil,Com_CrudeOil,tscv,PatchTST,-,2024-01-22,75.79000091552734,62.064656575520836
WTI Oil,Com_CrudeOil,tscv,PatchTST,LightGBM,2024-01-22,75.79000091552734,80.85492197672527
WTI Oil,Com_CrudeOil,tscv,PatchTST,NLinear,2024-01-22,75.79000091552734,67.99356079101562
WTI Oil,Com_CrudeOil,tscv,PatchTST,XGBoost,2024-01-22,75.79000091552734,80.7466532389323
WTI Oil,Com_CrudeOil,tscv,PatchTST,-,2024-01-29,75.2239990234375,61.99639638264974
WTI Oil,Com_CrudeOil,tscv,PatchTST,LightGBM,2024-01-29,75.2239990234375,80.19271596272786
WTI Oil,Com_CrudeOil,tscv,PatchTST,NLinear,2024-01-29,75.2239990234375,67.73912556966145
WTI Oil,Com_CrudeOil,tscv,PatchTST,XGBoost,2024-01-29,75.2239990234375,80.27099609375
WTI Oil,Com_CrudeOil,tscv,PatchTST,-,2024-02-05,74.552001953125,61.71967315673828
WTI Oil,Com_CrudeOil,tscv,PatchTST,LightGBM,2024-02-05,74.552001953125,79.28122456868489
WTI Oil,Com_CrudeOil,tscv,PatchTST,NLinear,2024-02-05,74.552001953125,67.7754414876302
WTI Oil,Com_CrudeOil,tscv,PatchTST,XGBoost,2024-02-05,74.552001953125,79.61778513590495
WTI Oil,Com_CrudeOil,tscv,PatchTST,-,2024-02-12,77.04000091552734,61.761775970458984
WTI Oil,Com_CrudeOil,tscv,PatchTST,LightGBM,2024-02-12,77.04000091552734,79.96247863769531
WTI Oil,Com_CrudeOil,tscv,PatchTST,NLinear,2024-02-12,77.04000091552734,67.60053253173828
WTI Oil,Com_CrudeOil,tscv,PatchTST,XGBoost,2024-02-12,77.04000091552734,79.89424641927083
WTI Oil,Com_CrudeOil,tscv,PatchTST,-,2024-02-19,76.98500061035156,61.52872975667318
WTI Oil,Com_CrudeOil,tscv,PatchTST,LightGBM,2024-02-19,76.98500061035156,78.89976755777995
WTI Oil,Com_CrudeOil,tscv,PatchTST,NLinear,2024-02-19,76.98500061035156,68.68029530843098
WTI Oil,Com_CrudeOil,tscv,PatchTST,XGBoost,2024-02-19,76.98500061035156,79.90628306070964
WTI Oil,Com_CrudeOil,tscv,PatchTST,-,2024-02-26,77.93800354003906,61.4521738688151
WTI Oil,Com_CrudeOil,tscv,PatchTST,LightGBM,2024-02-26,77.93800354003906,77.88595326741536
WTI Oil,Com_CrudeOil,tscv,PatchTST,NLinear,2024-02-26,77.93800354003906,68.83093007405598
WTI Oil,Com_CrudeOil,tscv,PatchTST,XGBoost,2024-02-26,77.93800354003906,78.75580596923828
WTI Oil,Com_CrudeOil,tscv,PatchTST,-,2024-03-04,77.96199798583984,61.24296188354492
WTI Oil,Com_CrudeOil,tscv,PatchTST,LightGBM,2024-03-04,77.96199798583984,79.48813374837239
WTI Oil,Com_CrudeOil,tscv,PatchTST,NLinear,2024-03-04,77.96199798583984,69.16569519042969
WTI Oil,Com_CrudeOil,tscv,PatchTST,XGBoost,2024-03-04,77.96199798583984,78.84708913167317
WTI Oil,Com_CrudeOil,tscv,PatchTST,-,2024-03-11,79.08000183105469,61.15686925252279
WTI Oil,Com_CrudeOil,tscv,PatchTST,LightGBM,2024-03-11,79.08000183105469,81.13242594401042
WTI Oil,Com_CrudeOil,tscv,PatchTST,NLinear,2024-03-11,79.08000183105469,68.05978393554688
WTI Oil,Com_CrudeOil,tscv,PatchTST,XGBoost,2024-03-11,79.08000183105469,79.56835428873698
WTI Oil,Com_CrudeOil,tscv,PatchTST,-,2024-03-18,81.5719985961914,62.18419901529948
WTI Oil,Com_CrudeOil,tscv,PatchTST,LightGBM,2024-03-18,81.5719985961914,81.0582046508789
WTI Oil,Com_CrudeOil,tscv,PatchTST,NLinear,2024-03-18,81.5719985961914,72.01711527506511
WTI Oil,Com_CrudeOil,tscv,PatchTST,XGBoost,2024-03-18,81.5719985961914,80.97147878011067
WTI Oil,Com_CrudeOil,tscv,PatchTST,-,2024-03-25,82.2426986694336,62.1502939860026
WTI Oil,Com_CrudeOil,tscv,PatchTST,LightGBM,2024-03-25,82.2426986694336,79.76565297444661
WTI Oil,Com_CrudeOil,tscv,PatchTST,NLinear,2024-03-25,82.2426986694336,70.69213104248047
WTI Oil,Com_CrudeOil,tscv,PatchTST,XGBoost,2024-03-25,82.2426986694336,79.68050384521484
WTI Oil,Com_CrudeOil,tscv,PatchTST,-,2024-04-01,85.55799865722656,62.08202616373698
WTI Oil,Com_CrudeOil,tscv,PatchTST,LightGBM,2024-04-01,85.55799865722656,82.27884419759114
WTI Oil,Com_CrudeOil,tscv,PatchTST,NLinear,2024-04-01,85.55799865722656,70.73493957519531
WTI Oil,Com_CrudeOil,tscv,PatchTST,XGBoost,2024-04-01,85.55799865722656,80.15246073404948
WTI Oil,Com_CrudeOil,tscv,PatchTST,-,2024-04-08,85.70999908447266,62.000404357910156
WTI Oil,Com_CrudeOil,tscv,PatchTST,LightGBM,2024-04-08,85.70999908447266,82.09916432698567
WTI Oil,Com_CrudeOil,tscv,PatchTST,NLinear,2024-04-08,85.70999908447266,70.8435541788737
WTI Oil,Com_CrudeOil,tscv,PatchTST,XGBoost,2024-04-08,85.70999908447266,80.75972239176433
WTI Oil,Com_CrudeOil,tscv,PatchTST,-,2024-04-15,83.74513244628906,62.95796585083008
WTI Oil,Com_CrudeOil,tscv,PatchTST,LightGBM,2024-04-15,83.74513244628906,81.00808207194011
WTI Oil,Com_CrudeOil,tscv,PatchTST,NLinear,2024-04-15,83.74513244628906,72.80916595458984
WTI Oil,Com_CrudeOil,tscv,PatchTST,XGBoost,2024-04-15,83.74513244628906,80.74239603678386
WTI Oil,Com_CrudeOil,tscv,PatchTST,-,2024-04-22,83.15287780761719,62.88121541341146
WTI Oil,Com_CrudeOil,tscv,PatchTST,LightGBM,2024-04-22,83.15287780761719,80.79188283284505
WTI Oil,Com_CrudeOil,tscv,PatchTST,NLinear,2024-04-22,83.15287780761719,71.86558024088542
WTI Oil,Com_CrudeOil,tscv,PatchTST,XGBoost,2024-04-22,83.15287780761719,79.58934783935547
WTI Oil,Com_CrudeOil,tscv,PatchTST,-,2024-04-29,80.14189910888672,62.86612065633138
WTI Oil,Com_CrudeOil,tscv,PatchTST,LightGBM,2024-04-29,80.14189910888672,80.87247467041016
WTI Oil,Com_CrudeOil,tscv,PatchTST,NLinear,2024-04-29,80.14189910888672,71.78469848632812
WTI Oil,Com_CrudeOil,tscv,PatchTST,XGBoost,2024-04-29,80.14189910888672,81.68470764160156
WTI Oil,Com_CrudeOil,tscv,PatchTST,-,2024-05-06,78.67400360107422,62.855551401774086
WTI Oil,Com_CrudeOil,tscv,PatchTST,LightGBM,2024-05-06,78.67400360107422,81.09578959147136
WTI Oil,Com_CrudeOil,tscv,PatchTST,NLinear,2024-05-06,78.67400360107422,73.14436594645183
WTI Oil,Com_CrudeOil,tscv,PatchTST,XGBoost,2024-05-06,78.67400360107422,81.05155436197917
WTI Oil,Com_CrudeOil,tscv,PatchTST,-,2024-05-13,78.81800079345703,64.08982721964519
WTI Oil,Com_CrudeOil,tscv,PatchTST,LightGBM,2024-05-13,78.81800079345703,80.10449727376302
WTI Oil,Com_CrudeOil,tscv,PatchTST,NLinear,2024-05-13,78.81800079345703,73.77720387776692
WTI Oil,Com_CrudeOil,tscv,PatchTST,XGBoost,2024-05-13,78.81800079345703,80.17514038085938
WTI Oil,Com_CrudeOil,tscv,PatchTST,-,2024-05-20,78.02400207519531,64.11587397257487
WTI Oil,Com_CrudeOil,tscv,PatchTST,LightGBM,2024-05-20,78.02400207519531,79.08042907714844
WTI Oil,Com_CrudeOil,tscv,PatchTST,NLinear,2024-05-20,78.02400207519531,72.05332946777344
WTI Oil,Com_CrudeOil,tscv,PatchTST,XGBoost,2024-05-20,78.02400207519531,79.19028981526692
WTI Oil,Com_CrudeOil,tscv,PatchTST,-,2024-05-27,78.5094985961914,63.94531758626302
WTI Oil,Com_CrudeOil,tscv,PatchTST,LightGBM,2024-05-27,78.5094985961914,79.41887664794922
WTI Oil,Com_CrudeOil,tscv,PatchTST,NLinear,2024-05-27,78.5094985961914,72.52508036295573
WTI Oil,Com_CrudeOil,tscv,PatchTST,XGBoost,2024-05-27,78.5094985961914,76.6865463256836
WTI Oil,Com_CrudeOil,tscv,PatchTST,-,2024-06-03,74.52400207519531,64.22169240315755
WTI Oil,Com_CrudeOil,tscv,PatchTST,LightGBM,2024-06-03,74.52400207519531,81.19205220540364
WTI Oil,Com_CrudeOil,tscv,PatchTST,NLinear,2024-06-03,74.52400207519531,72.94100443522136
WTI Oil,Com_CrudeOil,tscv,PatchTST,XGBoost,2024-06-03,74.52400207519531,79.8169657389323
WTI Oil,Com_CrudeOil,tscv,PatchTST,-,2024-06-10,78.16200256347656,63.76729838053385
WTI Oil,Com_CrudeOil,tscv,PatchTST,LightGBM,2024-06-10,78.16200256347656,78.35423024495442
WTI Oil,Com_CrudeOil,tscv,PatchTST,NLinear,2024-06-10,78.16200256347656,69.61218007405598
WTI Oil,Com_CrudeOil,tscv,PatchTST,XGBoost,2024-06-10,78.16200256347656,77.97203826904297
WTI Oil,Com_CrudeOil,tscv,PatchTST,-,2024-06-17,80.61250305175781,63.89480972290039
WTI Oil,Com_CrudeOil,tscv,PatchTST,LightGBM,2024-06-17,80.61250305175781,76.46092732747395
WTI Oil,Com_CrudeOil,tscv,PatchTST,NLinear,2024-06-17,80.61250305175781,67.98700205485027
WTI Oil,Com_CrudeOil,tscv,PatchTST,XGBoost,2024-06-17,80.61250305175781,75.31468454996745
WTI Oil,Com_CrudeOil,tscv,PatchTST,-,2024-06-24,81.3280029296875,63.75404485066732
WTI Oil,Com_CrudeOil,tscv,PatchTST,LightGBM,2024-06-24,81.3280029296875,75.93006388346355
WTI Oil,Com_CrudeOil,tscv,PatchTST,NLinear,2024-06-24,81.3280029296875,69.0260492960612
WTI Oil,Com_CrudeOil,tscv,PatchTST,XGBoost,2024-06-24,81.3280029296875,71.28088124593098
WTI Oil,Com_CrudeOil,tscv,PatchTST,-,2024-07-01,83.31356048583984,63.83568445841471
WTI Oil,Com_CrudeOil,tscv,PatchTST,LightGBM,2024-07-01,83.31356048583984,79.01003011067708
WTI Oil,Com_CrudeOil,tscv,PatchTST,NLinear,2024-07-01,83.31356048583984,69.08880106608073
WTI Oil,Com_CrudeOil,tscv,PatchTST,XGBoost,2024-07-01,83.31356048583984,76.35941060384114
WTI Oil,Com_CrudeOil,tscv,PatchTST,-,2024-07-08,82.13400268554688,65.17984390258789
WTI Oil,Com_CrudeOil,tscv,PatchTST,LightGBM,2024-07-08,82.13400268554688,79.84525299072266
WTI Oil,Com_CrudeOil,tscv,PatchTST,NLinear,2024-07-08,82.13400268554688,72.43727366129558
WTI Oil,Com_CrudeOil,tscv,PatchTST,XGBoost,2024-07-08,82.13400268554688,77.17813873291016
WTI Oil,Com_CrudeOil,tscv,PatchTST,-,2024-07-15,80.80999755859375,65.08758290608723
WTI Oil,Com_CrudeOil,tscv,PatchTST,LightGBM,2024-07-15,80.80999755859375,77.58895874023438
WTI Oil,Com_CrudeOil,tscv,PatchTST,NLinear,2024-07-15,80.80999755859375,70.31065368652344
WTI Oil,Com_CrudeOil,tscv,PatchTST,XGBoost,2024-07-15,80.80999755859375,78.64664967854817
WTI Oil,Com_CrudeOil,tscv,PatchTST,-,2024-07-22,77.6780014038086,65.12222544352214
WTI Oil,Com_CrudeOil,tscv,PatchTST,LightGBM,2024-07-22,77.6780014038086,75.33658091227214
WTI Oil,Com_CrudeOil,tscv,PatchTST,NLinear,2024-07-22,77.6780014038086,71.06917572021484
WTI Oil,Com_CrudeOil,tscv,PatchTST,XGBoost,2024-07-22,77.6780014038086,75.7652079264323
WTI Oil,Com_CrudeOil,tscv,PatchTST,-,2024-07-29,75.65599822998047,65.0446662902832
WTI Oil,Com_CrudeOil,tscv,PatchTST,LightGBM,2024-07-29,75.65599822998047,77.52090199788411
WTI Oil,Com_CrudeOil,tscv,PatchTST,NLinear,2024-07-29,75.65599822998047,72.31412760416667
WTI Oil,Com_CrudeOil,tscv,PatchTST,XGBoost,2024-07-29,75.65599822998047,76.79060363769531
WTI Oil,Com_CrudeOil,tscv,PatchTST,-,2024-08-05,74.87999725341797,64.54063034057617
WTI Oil,Com_CrudeOil,tscv,PatchTST,LightGBM,2024-08-05,74.87999725341797,78.40895589192708
WTI Oil,Com_CrudeOil,tscv,PatchTST,NLinear,2024-08-05,74.87999725341797,75.05648040771484
WTI Oil,Com_CrudeOil,tscv,PatchTST,XGBoost,2024-08-05,74.87999725341797,76.5578842163086
WTI Oil,Com_CrudeOil,tscv,PatchTST,-,2024-08-12,77.58399963378906,64.36678822835286
WTI Oil,Com_CrudeOil,tscv,PatchTST,LightGBM,2024-08-12,77.58399963378906,77.80230204264323
WTI Oil,Com_CrudeOil,tscv,PatchTST,NLinear,2024-08-12,77.58399963378906,74.67864481608073
WTI Oil,Com_CrudeOil,tscv,PatchTST,XGBoost,2024-08-12,77.58399963378906,77.42949676513672
WTI Oil,Com_CrudeOil,tscv,PatchTST,-,2024-08-19,73.31999969482422,64.43964258829753
WTI Oil,Com_CrudeOil,tscv,PatchTST,LightGBM,2024-08-19,73.31999969482422,74.7767562866211
WTI Oil,Com_CrudeOil,tscv,PatchTST,NLinear,2024-08-19,73.31999969482422,73.74721781412761
WTI Oil,Com_CrudeOil,tscv,PatchTST,XGBoost,2024-08-19,73.31999969482422,76.66628519694011
WTI Oil,Com_CrudeOil,tscv,PatchTST,-,2024-08-26,75.38600158691406,64.67453384399414
WTI Oil,Com_CrudeOil,tscv,PatchTST,LightGBM,2024-08-26,75.38600158691406,77.53737131754558
WTI Oil,Com_CrudeOil,tscv,PatchTST,NLinear,2024-08-26,75.38600158691406,74.93958791097005
WTI Oil,Com_CrudeOil,tscv,PatchTST,XGBoost,2024-08-26,75.38600158691406,76.97536214192708
WTI Oil,Com_CrudeOil,tscv,PatchTST,-,2024-09-02,70.08424377441406,65.49711100260417
WTI Oil,Com_CrudeOil,tscv,PatchTST,LightGBM,2024-09-02,70.08424377441406,78.13533782958984
WTI Oil,Com_CrudeOil,tscv,PatchTST,NLinear,2024-09-02,70.08424377441406,74.82836659749348
WTI Oil,Com_CrudeOil,tscv,PatchTST,XGBoost,2024-09-02,70.08424377441406,79.12566884358723
WTI Oil,Com_CrudeOil,tscv,PatchTST,-,2024-09-09,67.87799835205078,65.50300979614258
WTI Oil,Com_CrudeOil,tscv,PatchTST,LightGBM,2024-09-09,67.87799835205078,76.15656026204427
WTI Oil,Com_CrudeOil,tscv,PatchTST,NLinear,2024-09-09,67.87799835205078,75.74735260009766
WTI Oil,Com_CrudeOil,tscv,PatchTST,XGBoost,2024-09-09,67.87799835205078,79.19092559814453
WTI Oil,Com_CrudeOil,tscv,PatchTST,-,2024-09-16,70.41799926757812,65.42160669962566
WTI Oil,Com_CrudeOil,tscv,PatchTST,LightGBM,2024-09-16,70.41799926757812,75.37825520833333
WTI Oil,Com_CrudeOil,tscv,PatchTST,NLinear,2024-09-16,70.41799926757812,75.5366694132487
WTI Oil,Com_CrudeOil,tscv,PatchTST,XGBoost,2024-09-16,70.41799926757812,79.13663991292317
WTI Oil,Com_CrudeOil,tscv,PatchTST,-,2024-09-23,69.49400329589844,65.52921803792317
WTI Oil,Com_CrudeOil,tscv,PatchTST,LightGBM,2024-09-23,69.49400329589844,78.79609680175781
WTI Oil,Com_CrudeOil,tscv,PatchTST,NLinear,2024-09-23,69.49400329589844,76.3364028930664
WTI Oil,Com_CrudeOil,tscv,PatchTST,XGBoost,2024-09-23,69.49400329589844,80.5513687133789
WTI Oil,Com_CrudeOil,tscv,PatchTST,-,2024-09-30,71.23799896240234,65.63788096110027
WTI Oil,Com_CrudeOil,tscv,PatchTST,LightGBM,2024-09-30,71.23799896240234,79.6610616048177
WTI Oil,Com_CrudeOil,tscv,PatchTST,NLinear,2024-09-30,71.23799896240234,74.142578125
WTI Oil,Com_CrudeOil,tscv,PatchTST,XGBoost,2024-09-30,71.23799896240234,79.99463653564453
WTI Oil,Com_CrudeOil,tscv,PatchTST,-,2024-10-07,75.0719985961914,65.60844802856445
WTI Oil,Com_CrudeOil,tscv,PatchTST,LightGBM,2024-10-07,75.0719985961914,79.72488403320312
WTI Oil,Com_CrudeOil,tscv,PatchTST,NLinear,2024-10-07,75.0719985961914,74.1356913248698
WTI Oil,Com_CrudeOil,tscv,PatchTST,XGBoost,2024-10-07,75.0719985961914,79.88402557373047
WTI Oil,Com_CrudeOil,tscv,PatchTST,-,2024-10-14,70.71600341796875,65.50818506876628
WTI Oil,Com_CrudeOil,tscv,PatchTST,LightGBM,2024-10-14,70.71600341796875,79.61778259277344
WTI Oil,Com_CrudeOil,tscv,PatchTST,NLinear,2024-10-14,70.71600341796875,75.39670054117839
WTI Oil,Com_CrudeOil,tscv,PatchTST,XGBoost,2024-10-14,70.71600341796875,80.11936950683594
WTI Oil,Com_CrudeOil,tscv,PatchTST,-,2024-10-21,70.90399932861328,65.65395609537761
WTI Oil,Com_CrudeOil,tscv,PatchTST,LightGBM,2024-10-21,70.90399932861328,79.97971852620442
WTI Oil,Com_CrudeOil,tscv,PatchTST,NLinear,2024-10-21,70.90399932861328,75.22233581542969
WTI Oil,Com_CrudeOil,tscv,PatchTST,XGBoost,2024-10-21,70.90399932861328,81.22498321533203
WTI Oil,Com_CrudeOil,tscv,PatchTST,-,2024-10-28,68.38999938964844,66.14453125
WTI Oil,Com_CrudeOil,tscv,PatchTST,LightGBM,2024-10-28,68.38999938964844,80.46171315511067
WTI Oil,Com_CrudeOil,tscv,PatchTST,NLinear,2024-10-28,68.38999938964844,74.63096618652344
WTI Oil,Com_CrudeOil,tscv,PatchTST,XGBoost,2024-10-28,68.38999938964844,80.3664321899414
WTI Oil,Com_CrudeOil,tscv,PatchTST,-,2024-11-04,71.5780029296875,66.08090718587239
WTI Oil,Com_CrudeOil,tscv,PatchTST,LightGBM,2024-11-04,71.5780029296875,80.22830708821614
WTI Oil,Com_CrudeOil,tscv,PatchTST,NLinear,2024-11-04,71.5780029296875,75.86889394124348
WTI Oil,Com_CrudeOil,tscv,PatchTST,XGBoost,2024-11-04,71.5780029296875,80.85394541422527
WTI Oil,Com_CrudeOil,tscv,PatchTST,-,2024-11-11,68.04199981689453,65.90040334065755
WTI Oil,Com_CrudeOil,tscv,PatchTST,LightGBM,2024-11-11,68.04199981689453,78.02552032470703
WTI Oil,Com_CrudeOil,tscv,PatchTST,NLinear,2024-11-11,68.04199981689453,73.82228342692058
WTI Oil,Com_CrudeOil,tscv,PatchTST,XGBoost,2024-11-11,68.04199981689453,80.91451772054036
WTI Oil,Com_CrudeOil,tscv,PatchTST,-,2024-11-18,69.69999694824219,65.9439214070638
WTI Oil,Com_CrudeOil,tscv,PatchTST,LightGBM,2024-11-18,69.69999694824219,80.92992146809895
WTI Oil,Com_CrudeOil,tscv,PatchTST,NLinear,2024-11-18,69.69999694824219,73.33743540445964
WTI Oil,Com_CrudeOil,tscv,PatchTST,XGBoost,2024-11-18,69.69999694824219,81.91024271647136
WTI Oil,Com_CrudeOil,tscv,PatchTST,-,2024-11-25,68.7181167602539,66.59459686279297
WTI Oil,Com_CrudeOil,tscv,PatchTST,LightGBM,2024-11-25,68.7181167602539,83.53763326009114
WTI Oil,Com_CrudeOil,tscv,PatchTST,NLinear,2024-11-25,68.7181167602539,74.53399658203125
WTI Oil,Com_CrudeOil,tscv,PatchTST,XGBoost,2024-11-25,68.7181167602539,83.92733764648438
WTI Oil,Com_CrudeOil,tscv,PatchTST,-,2024-12-02,68.11045837402344,66.64776357014973
WTI Oil,Com_CrudeOil,tscv,PatchTST,LightGBM,2024-12-02,68.11045837402344,82.4482192993164
WTI Oil,Com_CrudeOil,tscv,PatchTST,NLinear,2024-12-02,68.11045837402344,74.55392201741536
WTI Oil,Com_CrudeOil,tscv,PatchTST,XGBoost,2024-12-02,68.11045837402344,83.36829121907552
WTI Oil,Com_CrudeOil,tscv,PatchTST,-,2024-12-09,70.1072006225586,66.60187021891277
WTI Oil,Com_CrudeOil,tscv,PatchTST,LightGBM,2024-12-09,70.1072006225586,81.40448760986328
WTI Oil,Com_CrudeOil,tscv,PatchTST,NLinear,2024-12-09,70.1072006225586,74.86033630371094
WTI Oil,Com_CrudeOil,tscv,PatchTST,XGBoost,2024-12-09,70.1072006225586,82.19224039713542
WTI Oil,Com_CrudeOil,tscv,PatchTST,-,2024-12-16,69.7302017211914,66.49007670084636
WTI Oil,Com_CrudeOil,tscv,PatchTST,LightGBM,2024-12-16,69.7302017211914,83.44991048177083
WTI Oil,Com_CrudeOil,tscv,PatchTST,NLinear,2024-12-16,69.7302017211914,75.51193491617839
WTI Oil,Com_CrudeOil,tscv,PatchTST,XGBoost,2024-12-16,69.7302017211914,83.48541514078777
WTI Oil,Com_CrudeOil,tscv,PatchTST,-,2024-12-23,70.14910125732422,65.88290659586589
WTI Oil,Com_CrudeOil,tscv,PatchTST,LightGBM,2024-12-23,70.14910125732422,83.8031717936198
WTI Oil,Com_CrudeOil,tscv,PatchTST,NLinear,2024-12-23,70.14910125732422,72.13866933186848
WTI Oil,Com_CrudeOil,tscv,PatchTST,XGBoost,2024-12-23,70.14910125732422,84.03019714355469
WTI Oil,Com_CrudeOil,tscv,PatchTST,-,2024-12-30,72.57513427734375,65.9044901529948
WTI Oil,Com_CrudeOil,tscv,PatchTST,LightGBM,2024-12-30,72.57513427734375,84.54544576009114
WTI Oil,Com_CrudeOil,tscv,PatchTST,NLinear,2024-12-30,72.57513427734375,73.26492563883464
WTI Oil,Com_CrudeOil,tscv,PatchTST,XGBoost,2024-12-30,72.57513427734375,81.7118631998698
WTI Oil,Com_CrudeOil,tscv,PatchTST,-,2025-01-06,74.95950317382812,65.79185485839844
WTI Oil,Com_CrudeOil,tscv,PatchTST,LightGBM,2025-01-06,74.95950317382812,85.05159250895183
WTI Oil,Com_CrudeOil,tscv,PatchTST,NLinear,2025-01-06,74.95950317382812,72.45129140218098
WTI Oil,Com_CrudeOil,tscv,PatchTST,XGBoost,2025-01-06,74.95950317382812,83.61788431803386
WTI Oil,Com_CrudeOil,tscv,PatchTST,-,2025-01-13,78.02933502197266,65.72051747639973
WTI Oil,Com_CrudeOil,tscv,PatchTST,LightGBM,2025-01-13,78.02933502197266,83.78921254475911
WTI Oil,Com_CrudeOil,tscv,PatchTST,NLinear,2025-01-13,78.02933502197266,71.28358968098958
WTI Oil,Com_CrudeOil,tscv,PatchTST,XGBoost,2025-01-13,78.02933502197266,82.2311782836914
WTI Oil,Com_CrudeOil,tscv,PatchTST,-,2025-01-20,75.17753601074219,66.12192281087239
WTI Oil,Com_CrudeOil,tscv,PatchTST,LightGBM,2025-01-20,75.17753601074219,82.91671244303386
WTI Oil,Com_CrudeOil,tscv,PatchTST,NLinear,2025-01-20,75.17753601074219,71.41102091471355
WTI Oil,Com_CrudeOil,tscv,PatchTST,XGBoost,2025-01-20,75.17753601074219,83.68776194254558
WTI Oil,Com_CrudeOil,tscv,PatchTST,-,2025-01-27,73.03900146484375,66.03210194905598
WTI Oil,Com_CrudeOil,tscv,PatchTST,LightGBM,2025-01-27,73.03900146484375,83.34460957845052
WTI Oil,Com_CrudeOil,tscv,PatchTST,NLinear,2025-01-27,73.03900146484375,71.53130340576172
WTI Oil,Com_CrudeOil,tscv,PatchTST,XGBoost,2025-01-27,73.03900146484375,81.85894266764323
WTI Oil,Com_CrudeOil,tscv,PatchTST,-,2025-02-03,71.66098022460938,65.90531412760417
WTI Oil,Com_CrudeOil,tscv,PatchTST,LightGBM,2025-02-03,71.66098022460938,82.1063003540039
WTI Oil,Com_CrudeOil,tscv,PatchTST,NLinear,2025-02-03,71.66098022460938,71.55274963378906
WTI Oil,Com_CrudeOil,tscv,PatchTST,XGBoost,2025-02-03,71.66098022460938,82.1421381632487
WTI Oil,Com_CrudeOil,tscv,PatchTST,-,2025-02-10,71.62548065185547,65.88084157307942
WTI Oil,Com_CrudeOil,tscv,PatchTST,LightGBM,2025-02-10,71.62548065185547,81.52634938557942
WTI Oil,Com_CrudeOil,tscv,PatchTST,NLinear,2025-02-10,71.62548065185547,71.95845286051433
WTI Oil,Com_CrudeOil,tscv,PatchTST,XGBoost,2025-02-10,71.62548065185547,82.00182342529297
WTI Oil,Com_CrudeOil,tscv,PatchTST,-,2025-02-17,71.43208312988281,66.45431009928386
WTI Oil,Com_CrudeOil,tscv,PatchTST,LightGBM,2025-02-17,71.43208312988281,81.07252756754558
WTI Oil,Com_CrudeOil,tscv,PatchTST,NLinear,2025-02-17,71.43208312988281,70.45194244384766
WTI Oil,Com_CrudeOil,tscv,PatchTST,XGBoost,2025-02-17,71.43208312988281,80.98741149902344
WTI Oil,Com_CrudeOil,tscv,PatchTST,-,2025-02-24,69.6719970703125,66.43772633870442
WTI Oil,Com_CrudeOil,tscv,PatchTST,LightGBM,2025-02-24,69.6719970703125,80.59646606445312
WTI Oil,Com_CrudeOil,tscv,PatchTST,NLinear,2025-02-24,69.6719970703125,69.56842295328777
WTI Oil,Com_CrudeOil,tscv,PatchTST,XGBoost,2025-02-24,69.6719970703125,80.48858896891277
WTI Oil,Com_CrudeOil,tscv,PatchTST,-,2025-03-03,67.26799774169922,66.2509765625
WTI Oil,Com_CrudeOil,tscv,PatchTST,LightGBM,2025-03-03,67.26799774169922,79.9510981241862
WTI Oil,Com_CrudeOil,tscv,PatchTST,NLinear,2025-03-03,67.26799774169922,69.72911071777344
WTI Oil,Com_CrudeOil,tscv,PatchTST,XGBoost,2025-03-03,67.26799774169922,80.0063985188802
WTI Oil,Com_CrudeOil,tscv,PatchTST,-,2025-03-10,66.92066955566406,66.1241683959961
WTI Oil,Com_CrudeOil,tscv,PatchTST,LightGBM,2025-03-10,66.92066955566406,80.22310129801433
WTI Oil,Com_CrudeOil,tscv,PatchTST,NLinear,2025-03-10,66.92066955566406,69.01993052164714
WTI Oil,Com_CrudeOil,tscv,PatchTST,XGBoost,2025-03-10,66.92066955566406,80.17929331461589
WTI Oil,Com_CrudeOil,tscv,PatchTST,-,2025-03-17,67.67898559570312,66.38080342610677
WTI Oil,Com_CrudeOil,tscv,PatchTST,LightGBM,2025-03-17,67.67898559570312,79.58682505289714
WTI Oil,Com_CrudeOil,tscv,PatchTST,NLinear,2025-03-17,67.67898559570312,68.80688730875652
WTI Oil,Com_CrudeOil,tscv,PatchTST,XGBoost,2025-03-17,67.67898559570312,79.60006205240886
WTI Oil,Com_CrudeOil,tscv,PatchTST,-,2025-03-24,69.34062957763672,66.33190663655598
WTI Oil,Com_CrudeOil,tscv,PatchTST,LightGBM,2025-03-24,69.34062957763672,78.92427825927734
WTI Oil,Com_CrudeOil,tscv,PatchTST,NLinear,2025-03-24,69.34062957763672,69.25052642822266
WTI Oil,Com_CrudeOil,tscv,PatchTST,XGBoost,2025-03-24,69.34062957763672,78.90646870930989
WTI Oil,Com_CrudeOil,tscv,PatchTST,-,2025-03-31,66.51853942871094,66.36023966471355
WTI Oil,Com_CrudeOil,tscv,PatchTST,LightGBM,2025-03-31,66.51853942871094,78.40677134195964
WTI Oil,Com_CrudeOil,tscv,PatchTST,NLinear,2025-03-31,66.51853942871094,69.39480845133464
WTI Oil,Com_CrudeOil,tscv,PatchTST,XGBoost,2025-03-31,66.51853942871094,78.38020579020183
WTI Oil,Com_CrudeOil,tscv,PatchTST,-,2025-04-07,60.9921875,66.14162190755208
WTI Oil,Com_CrudeOil,tscv,PatchTST,LightGBM,2025-04-07,60.9921875,78.64716084798177
WTI Oil,Com_CrudeOil,tscv,PatchTST,NLinear,2025-04-07,60.9921875,69.33604431152344
WTI Oil,Com_CrudeOil,tscv,PatchTST,XGBoost,2025-04-07,60.9921875,78.52629852294922
WTI Oil,Com_CrudeOil,tscv,PatchTST,-,2025-04-14,63.110198974609375,66.79802958170573
WTI Oil,Com_CrudeOil,tscv,PatchTST,LightGBM,2025-04-14,63.110198974609375,79.15734100341797
WTI Oil,Com_CrudeOil,tscv,PatchTST,NLinear,2025-04-14,63.110198974609375,70.65400695800781
WTI Oil,Com_CrudeOil,tscv,PatchTST,XGBoost,2025-04-14,63.110198974609375,79.35968780517578
WTI Oil,Com_CrudeOil,tscv,PatchTST,-,2025-04-21,62.90476989746094,66.69648996988933
WTI Oil,Com_CrudeOil,tscv,PatchTST,LightGBM,2025-04-21,62.90476989746094,78.82968139648438
WTI Oil,Com_CrudeOil,tscv,PatchTST,NLinear,2025-04-21,62.90476989746094,70.57166798909505
WTI Oil,Com_CrudeOil,tscv,PatchTST,XGBoost,2025-04-21,62.90476989746094,78.86681874593098
WTI Oil,Com_CrudeOil,tscv,PatchTST,-,2025-04-28,58.91098403930664,66.53569030761719
WTI Oil,Com_CrudeOil,tscv,PatchTST,LightGBM,2025-04-28,58.91098403930664,78.40577952067058
WTI Oil,Com_CrudeOil,tscv,PatchTST,NLinear,2025-04-28,58.91098403930664,69.68800099690755
WTI Oil,Com_CrudeOil,tscv,PatchTST,XGBoost,2025-04-28,58.91098403930664,78.30358378092448
WTI Oil,Com_CrudeOil,tscv,PatchTST,-,2025-05-05,59.65278625488281,66.73361460367839
WTI Oil,Com_CrudeOil,tscv,PatchTST,LightGBM,2025-05-05,59.65278625488281,79.05448150634766
WTI Oil,Com_CrudeOil,tscv,PatchTST,NLinear,2025-05-05,59.65278625488281,69.89105987548828
WTI Oil,Com_CrudeOil,tscv,PatchTST,XGBoost,2025-05-05,59.65278625488281,78.86019643147786
WTI Oil,Com_CrudeOil,tscv,PatchTST,-,2025-05-12,62.43055725097656,65.19809595743816
WTI Oil,Com_CrudeOil,tscv,PatchTST,LightGBM,2025-05-12,62.43055725097656,76.05508677164714
WTI Oil,Com_CrudeOil,tscv,PatchTST,NLinear,2025-05-12,62.43055725097656,68.91654713948567
WTI Oil,Com_CrudeOil,tscv,PatchTST,XGBoost,2025-05-12,62.43055725097656,75.35249837239583
WTI Oil,Com_CrudeOil,tscv,PatchTST,-,2025-05-19,61.70574188232422,64.96783701578777
WTI Oil,Com_CrudeOil,tscv,PatchTST,LightGBM,2025-05-19,61.70574188232422,76.7165044148763
WTI Oil,Com_CrudeOil,tscv,PatchTST,NLinear,2025-05-19,61.70574188232422,69.12373606363933
WTI Oil,Com_CrudeOil,tscv,PatchTST,XGBoost,2025-05-19,61.70574188232422,77.05374908447266
WTI Oil,Com_CrudeOil,tscv,PatchTST,-,2025-05-26,61.3050422668457,65.01598993937175
WTI Oil,Com_CrudeOil,tscv,PatchTST,LightGBM,2025-05-26,61.3050422668457,76.82703908284505
WTI Oil,Com_CrudeOil,tscv,PatchTST,NLinear,2025-05-26,61.3050422668457,67.42529805501302
WTI Oil,Com_CrudeOil,tscv,PatchTST,XGBoost,2025-05-26,61.3050422668457,76.7251688639323
WTI Oil,Com_CrudeOil,tscv,PatchTST,-,2025-06-02,63.6950569152832,64.88252639770508
WTI Oil,Com_CrudeOil,tscv,PatchTST,LightGBM,2025-06-02,63.6950569152832,76.89981079101562
WTI Oil,Com_CrudeOil,tscv,PatchTST,NLinear,2025-06-02,63.6950569152832,69.30153147379558
WTI Oil,Com_CrudeOil,tscv,PatchTST,XGBoost,2025-06-02,63.6950569152832,76.96993509928386
WTI Oil,Com_CrudeOil,tscv,PatchTST,-,2025-06-09,69.44467163085938,65.57556788126628
WTI Oil,Com_CrudeOil,tscv,PatchTST,LightGBM,2025-06-09,69.44467163085938,75.44813283284505
WTI Oil,Com_CrudeOil,tscv,PatchTST,NLinear,2025-06-09,69.44467163085938,69.51339721679688
WTI Oil,Com_CrudeOil,tscv,PatchTST,XGBoost,2025-06-09,69.44467163085938,74.53550211588542
WTI Oil,Com_CrudeOil,tscv,PatchTST,-,2025-06-16,73.4095687866211,65.55303319295247
WTI Oil,Com_CrudeOil,tscv,PatchTST,LightGBM,2025-06-16,73.4095687866211,75.93143208821614
WTI Oil,Com_CrudeOil,tscv,PatchTST,NLinear,2025-06-16,73.4095687866211,69.41036224365234
WTI Oil,Com_CrudeOil,tscv,PatchTST,XGBoost,2025-06-16,73.4095687866211,76.31440989176433
WTI Oil,Com_CrudeOil,tscv,PatchTST,-,2025-06-23,65.62223052978516,65.54687245686848
WTI Oil,Com_CrudeOil,tscv,PatchTST,LightGBM,2025-06-23,65.62223052978516,76.50428263346355
WTI Oil,Com_CrudeOil,tscv,PatchTST,NLinear,2025-06-23,65.62223052978516,68.5018310546875
WTI Oil,Com_CrudeOil,tscv,PatchTST,XGBoost,2025-06-23,65.62223052978516,75.97493743896484
WTI Oil,Com_CrudeOil,tscv,PatchTST,-,2025-06-30,66.21095275878906,65.33059946695964
WTI Oil,Com_CrudeOil,tscv,PatchTST,LightGBM,2025-06-30,66.21095275878906,76.82446034749348
WTI Oil,Com_CrudeOil,tscv,PatchTST,NLinear,2025-06-30,66.21095275878906,69.6524175008138
WTI Oil,Com_CrudeOil,tscv,PatchTST,XGBoost,2025-06-30,66.21095275878906,75.46750132242839
WTI Oil,Com_CrudeOil,tscv,PatchTST,-,2025-07-07,68.04521942138672,65.50377146402995
WTI Oil,Com_CrudeOil,tscv,PatchTST,LightGBM,2025-07-07,68.04521942138672,75.06112925211589
WTI Oil,Com_CrudeOil,tscv,PatchTST,NLinear,2025-07-07,68.04521942138672,67.99012502034505
WTI Oil,Com_CrudeOil,tscv,PatchTST,XGBoost,2025-07-07,68.04521942138672,71.25337473551433
WTI Oil,Com_CrudeOil,tscv,PatchTST,-,2025-07-14,66.42243194580078,65.51967748006184
WTI Oil,Com_CrudeOil,tscv,PatchTST,LightGBM,2025-07-14,66.42243194580078,75.90007781982422
WTI Oil,Com_CrudeOil,tscv,PatchTST,NLinear,2025-07-14,66.42243194580078,66.96395874023438
WTI Oil,Com_CrudeOil,tscv,PatchTST,XGBoost,2025-07-14,66.42243194580078,73.41599527994792
WTI Oil,Com_CrudeOil,tscv,PatchTST,-,2025-07-21,65.51323699951172,65.41449864705403
WTI Oil,Com_CrudeOil,tscv,PatchTST,LightGBM,2025-07-21,65.51323699951172,76.40404256184895
WTI Oil,Com_CrudeOil,tscv,PatchTST,NLinear,2025-07-21,65.51323699951172,67.96265665690105
WTI Oil,Com_CrudeOil,tscv,PatchTST,XGBoost,2025-07-21,65.51323699951172,75.38349914550781
WTI Oil,Com_CrudeOil,tscv,PatchTST,-,2025-07-28,68.28096771240234,65.3847885131836
WTI Oil,Com_CrudeOil,tscv,PatchTST,LightGBM,2025-07-28,68.28096771240234,76.5130844116211
WTI Oil,Com_CrudeOil,tscv,PatchTST,NLinear,2025-07-28,68.28096771240234,67.07662709554036
WTI Oil,Com_CrudeOil,tscv,PatchTST,XGBoost,2025-07-28,68.28096771240234,77.20340474446614
WTI Oil,Com_CrudeOil,tscv,PatchTST,-,2025-08-04,64.51432037353516,67.23563639322917
WTI Oil,Com_CrudeOil,tscv,PatchTST,LightGBM,2025-08-04,64.51432037353516,75.51241556803386
WTI Oil,Com_CrudeOil,tscv,PatchTST,NLinear,2025-08-04,64.51432037353516,67.38737233479817
WTI Oil,Com_CrudeOil,tscv,PatchTST,XGBoost,2025-08-04,64.51432037353516,74.84035237630208
WTI Oil,Com_CrudeOil,tscv,PatchTST,-,2025-08-11,63.105133056640625,67.00555419921875
WTI Oil,Com_CrudeOil,tscv,PatchTST,LightGBM,2025-08-11,63.105133056640625,75.61416117350261
WTI Oil,Com_CrudeOil,tscv,PatchTST,NLinear,2025-08-11,63.105133056640625,67.68813832600911
WTI Oil,Com_CrudeOil,tscv,PatchTST,XGBoost,2025-08-11,63.105133056640625,73.43825022379558
WTI Oil,Com_CrudeOil,tscv,PatchTST,-,2025-08-18,63.027198791503906,67.05714162190755
WTI Oil,Com_CrudeOil,tscv,PatchTST,LightGBM,2025-08-18,63.027198791503906,75.80985005696614
WTI Oil,Com_CrudeOil,tscv,PatchTST,NLinear,2025-08-18,63.027198791503906,68.27024586995442
WTI Oil,Com_CrudeOil,tscv,PatchTST,XGBoost,2025-08-18,63.027198791503906,76.34656778971355
WTI Oil,Com_CrudeOil,tscv,PatchTST,-,2025-08-25,64.09881591796875,66.91204833984375
WTI Oil,Com_CrudeOil,tscv,PatchTST,LightGBM,2025-08-25,64.09881591796875,76.68418884277344
WTI Oil,Com_CrudeOil,tscv,PatchTST,NLinear,2025-08-25,64.09881591796875,66.50630442301433
WTI Oil,Com_CrudeOil,tscv,PatchTST,XGBoost,2025-08-25,64.09881591796875,76.13176981608073
WTI Oil,Com_CrudeOil,tscv,PatchTST,-,2025-09-01,63.698848724365234,67.1408920288086
WTI Oil,Com_CrudeOil,tscv,PatchTST,LightGBM,2025-09-01,63.698848724365234,76.10214233398438
WTI Oil,Com_CrudeOil,tscv,PatchTST,NLinear,2025-09-01,63.698848724365234,67.54281616210938
WTI Oil,Com_CrudeOil,tscv,PatchTST,XGBoost,2025-09-01,63.698848724365234,75.37918090820312
WTI Oil,Com_CrudeOil,tscv,PatchTST,-,2025-09-08,62.78846740722656,66.84770202636719
WTI Oil,Com_CrudeOil,tscv,PatchTST,LightGBM,2025-09-08,62.78846740722656,73.80363845825195
WTI Oil,Com_CrudeOil,tscv,PatchTST,NLinear,2025-09-08,62.78846740722656,66.66062545776367
WTI Oil,Com_CrudeOil,tscv,PatchTST,XGBoost,2025-09-08,62.78846740722656,74.39243698120117
WTI Oil,Com_CrudeOil,tscv,PatchTST,-,2025-09-15,63.33338165283203,67.00718307495117
WTI Oil,Com_CrudeOil,tscv,PatchTST,LightGBM,2025-09-15,63.33338165283203,71.56951522827148
WTI Oil,Com_CrudeOil,tscv,PatchTST,NLinear,2025-09-15,63.33338165283203,66.61735153198242
WTI Oil,Com_CrudeOil,tscv,PatchTST,XGBoost,2025-09-15,63.33338165283203,74.12150955200195
WTI Oil,Com_CrudeOil,tscv,PatchTST,-,2025-09-22,64.44023132324219,66.8261604309082
WTI Oil,Com_CrudeOil,tscv,PatchTST,LightGBM,2025-09-22,64.44023132324219,74.73670196533203
WTI Oil,Com_CrudeOil,tscv,PatchTST,NLinear,2025-09-22,64.44023132324219,67.67811584472656
WTI Oil,Com_CrudeOil,tscv,PatchTST,XGBoost,2025-09-22,64.44023132324219,75.0685920715332
WTI Oil,Com_CrudeOil,tscv,PatchTST,-,2025-09-29,61.66062927246094,67.45909881591797
WTI Oil,Com_CrudeOil,tscv,PatchTST,LightGBM,2025-09-29,61.66062927246094,71.36480712890625
WTI Oil,Com_CrudeOil,tscv,PatchTST,NLinear,2025-09-29,61.66062927246094,69.50707244873047
WTI Oil,Com_CrudeOil,tscv,PatchTST,XGBoost,2025-09-29,61.66062927246094,75.19158935546875
WTI Oil,Com_CrudeOil,tscv,PatchTST,-,2025-10-06,60.71498489379883,67.47071838378906
WTI Oil,Com_CrudeOil,tscv,PatchTST,LightGBM,2025-10-06,60.71498489379883,75.32893371582031
WTI Oil,Com_CrudeOil,tscv,PatchTST,NLinear,2025-10-06,60.71498489379883,67.8779525756836
WTI Oil,Com_CrudeOil,tscv,PatchTST,XGBoost,2025-10-06,60.71498489379883,76.920654296875
WTI Oil,Com_CrudeOil,tscv,PatchTST,-,2025-10-13,57.92998504638672,66.64962768554688
WTI Oil,Com_CrudeOil,tscv,PatchTST,LightGBM,2025-10-13,57.92998504638672,71.03521728515625
WTI Oil,Com_CrudeOil,tscv,PatchTST,NLinear,2025-10-13,57.92998504638672,69.34700012207031
WTI Oil,Com_CrudeOil,tscv,PatchTST,XGBoost,2025-10-13,57.92998504638672,83.05401611328125
WTI Oil,Com_CrudeOil,tscv,PatchTST,-,2025-10-20,59.868587493896484,67.34675598144531
WTI Oil,Com_CrudeOil,tscv,PatchTST,LightGBM,2025-10-20,59.868587493896484,73.8715591430664
WTI Oil,Com_CrudeOil,tscv,PatchTST,NLinear,2025-10-20,59.868587493896484,69.20794677734375
WTI Oil,Com_CrudeOil,tscv,PatchTST,XGBoost,2025-10-20,59.868587493896484,74.64210510253906
